Fecha,%Cal,%Yes,M325,Blaine,SO3,SiO2,Al2O3,Fe2O3,MgO,CaO,K2O,Na2O,CO2,LOI,Alita,Arcanite,Aphthitalite,Belita,Calcite,Cal libre,C3S_M1,C3S_M3,C3A_Cubic,C3A_Ortho,C3A_total,Ferrita,Gypsum,Hemidrato,Periclasa,Quartz,Thaumasite,Fluid,FV_Fin,FV_In,1d,3d,7d,28d,M100,M200,Humedad_Residual,Insoluble
2023-1-1 12:00 AM,4.1,4.8,2.79,3190,2.82,19.3,5.53,3.66,2.68,61.96,0.73,0.28,1.56,2.27,59,1.6,1.5,10.2,2.7,0.19,23.2,35.8,5.4,0.3,5.7,11.5,2.4,1.9,1.3,0.1,0.1,113,264,144,155,280,349,440,0.09,0.44,0.64,0.85
2023-1-2 12:00 AM,4.1,4.77,3.24,3190,2.77,19.2,5.59,3.54,2.73,62.14,0.75,0.29,1.46,2.9,60.4,1.6,1.3,9.5,2.3,0.24,20,40.3,5.9,0.4,6.3,10.7,2.9,1.2,1.5,0.2,0.2,114,260,141,153,286,360,439,0.37,1.18,0.69,1.14
2023-1-3 12:00 AM,4.1,4.79,3.32,3180,2.93,19.2,5.67,3.47,2.64,62.52,0.75,0.3,1.45,2.3,60.6,1.4,1.4,8.1,2.4,0.19,21,39.6,6.5,0.6,7.1,10.7,2.6,1.7,1.4,0.2,0,114,256,142,153,300,359,449,0.62,1.35,0.66,1.01
2023-1-4 12:00 AM,4.1,4.68,3.25,3170,2.78,19.69,5.84,3.37,2.63,61.49,0.76,0.32,1.47,2.43,59.5,1.5,1.4,8,3,0.33,19.1,40.4,6.7,0.7,7.4,10.1,2.5,1.7,1.3,0.3,0.8,109,254,138,153,287,357,452,0.6,1.14,0.64,1.24
2023-1-5 12:00 AM,4.1,4.69,3.28,3140,2.83,19.13,5.69,3.4,2.62,62.53,0.76,0.3,1.56,2.42,60.6,1.5,1.3,8.1,2.4,0.45,20.5,40.1,7,0.5,7.5,10.1,2.6,1.7,1.4,0.3,0.1,111,249,136,150,281,356,437,0.58,1.31,0.75,1.07
2023-1-6 12:00 AM,4.1,4.71,3.54,3140,2.75,19.24,5.7,3.5,2.71,62.57,0.74,0.3,1.5,2.31,61.2,1.5,1.3,7,2.6,0.39,20.8,40.4,6.4,0.7,7.1,10.7,2.4,1.8,1.5,0.2,0.1,111,242,141,159,299,379,463,0.58,1.32,0.64,1.03
2023-1-7 12:00 AM,4.1,4.63,3.42,3130,2.86,18.91,5.69,3.43,2.73,62.09,0.8,0.3,1.48,2.36,60.6,1.9,1.4,7.8,2.4,0.34,20.5,40,7.3,0.5,7.8,9.9,2.2,1.9,1.6,0.4,0.2,111,251,137,161,299,367,451,0.56,1.39,0.63,1.16
2023-1-8 12:00 AM,4.1,4.63,4.39,3150,2.81,18.94,5.72,3.45,2.71,62.43,0.79,0.3,1.48,2.22,60.8,1.7,1.4,8,2.3,0.57,21.1,39.7,7.2,0.7,7.8,9.7,1.8,2.2,1.7,0.4,0.1,112,244,133,156,291,354,444,0.12,0.65,0.52,1.18
2023-1-9 12:00 AM,4.1,4.89,2.93,3190,2.7,18.97,5.69,3.42,2.73,62.51,0.77,0.29,1.53,2.34,59.9,1.6,1.3,8.3,2.9,0.61,20.8,39.1,7.2,0.8,7.9,9.8,2.6,1.7,1.5,0.2,0.1,112,244,130,152,289,357,443,0.34,0.52,0.63,1.08
2023-1-10 12:00 AM,4.1,4.74,3.4,3120,2.86,18.83,5.58,3.61,2.68,62.49,0.77,0.29,1.54,2.4,61.7,1.7,1.4,7.1,2.8,0.6,21.5,40.2,6.2,0.4,6.6,10.7,2.4,1.7,1.4,0.2,0.1,114,244,136,157,293,379,432,0.54,0.12,0.7,1
2023-1-11 12:00 AM,4.1,4.59,3.3,3150,2.89,18.94,5.48,3.93,2.65,62.47,0.75,0.3,1.53,2.35,61.5,1.7,1.4,7.4,2.7,0.31,22.4,39.1,4.8,0,4.9,12.5,2.3,1.6,1.4,0.3,0.2,116,243,130,152,281,344,438,0.15,0.57,0.6,1.16
2023-1-12 12:00 AM,4.1,4.48,3.46,3150,2.87,18.93,5.59,3.71,2.71,61.97,0.77,0.31,1.57,2.27,61.3,1.6,1.5,8,2.4,0.29,21.6,39.7,5.8,0.1,5.9,11.8,2.2,1.7,1.6,0.3,0,116,245,140,153,285,377,431,0.1,0.58,0.6,1.14
2023-1-13 12:00 AM,4.1,4.46,3.98,3140,2.8,18.86,5.71,3.39,2.83,62.13,0.8,0.31,1.48,2.29,59,1.4,1.4,9.9,2.1,0.41,21.8,37.2,7.6,0.3,7.9,9,1.8,2.1,1.7,0.2,0.9,117,254,124,168,310,384,456,0.1,0.57,0.58,1.1
2023-1-14 12:00 AM,4.1,4.43,4.32,3130,2.74,18.88,5.78,3.23,2.91,62.02,0.8,0.31,1.53,2.27,60.1,1.7,1.5,8.4,2.7,0.41,21.1,39.1,9.3,0.3,9.6,7.9,2,1.8,1.7,0.2,0.1,116,252,132,161,281,363,431,0.14,0.67,0.53,1.12
2023-1-15 12:00 AM,4.1,4.46,3.81,3170,2.74,18.85,5.76,3.32,2.96,62.65,0.78,0.3,1.53,2.52,59.2,1.7,1.5,8,3.3,0.59,20.4,38.8,9,0.3,9.3,8.4,1.8,2.1,1.8,0.2,0.1,111,238,122,152,287,353,448,0.52,1.34,0.54,1.1
2023-1-16 12:00 AM,4.1,4.45,4.82,3140,2.75,18.91,5.7,3.33,2.91,62.64,0.81,0.3,1.82,2.31,61.5,1.6,1.4,6.7,3,0.8,22.1,39.4,8.5,0.2,8.7,8.6,1.9,2.1,1.8,0.2,0.1,110,243,126,160,290,365,429,0.78,1.96,0.52,0.96
2023-1-17 12:00 AM,4.1,4.43,4.24,3080,2.81,18.9,5.7,3.34,2.97,62.06,0.83,0.3,1.62,2.21,59.8,1.6,1.4,8.3,3,0.41,19.9,39.9,7.6,0.4,7.9,9.4,1.7,2.3,1.7,0.2,1.2,111,236,123,166,303,370,430,0.81,1.92,0.49,0.95
2023-1-18 12:00 AM,4.1,4.43,4.17,3110,2.85,18.81,5.69,3.34,3.06,61.94,0.83,0.29,1.55,2.3,59.7,1.6,1.4,8.3,2.8,0.35,22,37.7,7.9,0.4,8.3,9.1,1.9,2.1,1.9,0.2,0,114,240,132,164,299,358,424,0.16,0.78,0.54,1.04
2023-1-19 12:00 AM,4.1,4.55,3.77,3160,2.82,18.88,5.66,3.34,3.04,62.06,0.81,0.29,1.55,2.22,61.7,1.7,1.5,7.6,2.6,0.31,21.4,40.3,7.8,0.1,7.8,9.2,1.8,2.2,1.9,0.2,0.1,115,245,138,158,292,354,422,0.13,0.72,0.51,1.1
2023-1-20 12:00 AM,4.1,4.55,4.34,3070,2.94,18.87,5.64,3.34,2.99,62.08,0.81,0.29,1.55,2.42,60.5,1.7,1.6,7.7,2.7,0.43,21.2,39.3,7.8,0.1,7.8,9.1,2.2,2.1,2,0.2,0.1,115,240,134,160,301,352,426,0.14,0.68,0.66,1.02
2023-1-21 12:00 AM,4.1,4.5,3.91,3160,2.85,18.87,5.65,3.32,2.97,62.04,0.83,0.29,1.55,2.26,61.4,1.7,1.6,7.4,2.7,0.32,21.1,40.2,7.8,0.2,8,9.2,1.9,2.4,1.8,0.2,0.1,115,245,137,158,297,363,433,0.15,0.73,0.56,0.98
2023-1-23 12:00 AM,4.1,4.33,3.5,3200,2.87,19.03,5.62,3.35,2.98,62.02,0.81,0.29,1.52,2.26,61.4,1.8,1.4,7.6,2.6,0.31,20.1,41.3,7,0.3,7.3,9.3,2.4,1.8,1.9,0.2,0.3,113,247,129,163,278,358,438,0.22,0.78,0.59,1.02
2023-1-24 12:00 AM,4.1,4.57,4.37,3170,2.8,19.16,5.72,3.32,3.02,62.3,0.83,0.29,1.49,2.22,60.4,1.8,1.3,7.9,2.4,0.35,19.5,41,8,0.5,8.5,8.6,2,2.1,1.9,0.2,1,112,247,146,158,289,369,450,0.64,1.14,0.54,0.92
2023-1-25 12:00 AM,4.1,4.6,4.28,3100,2.78,19.17,5.8,3.21,2.98,62.78,0.83,0.28,1.51,2.27,60.7,1.9,1.3,7.8,2.3,0.45,19.7,41,9.6,0.4,10,7.9,2.1,1.9,1.8,0.2,0.2,113,242,142,151,304,358,432,0.53,1.16,0.59,0.9
2023-1-26 12:00 AM,4.1,6.33,3.82,3230,2.91,19.01,5.77,3.18,2.97,62.44,0.86,0.28,1.52,2.25,59.6,2,1.3,8.3,2.2,0.46,21.4,38.1,9.4,0.3,9.7,7.5,2.1,2.1,1.8,0.2,1,113,237,143,162,303,353,441,0.44,1.22,0.54,0.93
2023-1-27 12:00 AM,4.1,4.45,3.67,3200,2.82,19,5.77,3.09,2.9,62.32,0.84,0.27,1.54,2.35,60.3,1.9,1.3,8,2.7,0.36,19.9,40.5,9.5,0.4,9.9,7.4,2.1,1.9,1.9,0.2,0,113,249,131,163,289,350,428,0.42,1.31,0.55,0.91
2023-1-28 12:00 AM,4.1,4.53,3.94,3150,2.76,19.29,5.71,3.06,2.91,62.63,0.83,0.26,1.61,2.28,61.6,1.9,1.2,7.3,2.5,0.39,20.9,40.7,9.3,0.3,9.6,7.6,2.3,1.6,1.7,0.3,0.1,115,245,137,153,293,361,428,0.38,1.06,0.57,0.87
2023-1-29 12:00 AM,4.1,4.43,4.7,3100,2.82,19.2,5.55,3,2.84,62.3,0.82,0.25,1.61,2.35,61.6,2.1,1.2,8.2,2.6,0.69,20.8,40.7,8.6,0.2,8.8,7.3,2.5,1.4,1.6,0.2,0.3,115,243,143,151,266,356,443,0.15,0.8,0.63,0.96
2023-1-30 12:00 AM,4.1,4.58,3.51,3050,2.86,19.38,5.61,3.02,2.87,62.6,0.85,0.27,1.54,2.49,60.3,2.1,1.3,8.8,2.8,0.48,19.3,41,8.2,0.2,8.4,7.7,2.9,1.2,1.6,0.3,0.1,116,236,136,166,291,360,438,0.14,0.64,0.7,1.04
2023-1-31 12:00 AM,4.1,4.52,3.63,3110,2.76,19.48,5.55,3.06,2.75,62.43,0.77,0.27,1.59,2.38,62.4,1.5,1.1,7.5,2.4,0.26,22.6,39.8,7.5,0.3,7.9,8.5,2.7,1.4,1.5,0.2,0,115,250,126,157,314,394,462,0.11,0.59,0.67,0.93
2023-2-1 12:00 AM,4.1,4.55,4.81,3090,2.78,19.55,5.39,3.2,2.58,62.53,0.76,0.27,1.53,2.4,63.1,1.7,1.3,7.3,2.7,0.3,20.5,42.6,6.3,0.1,6.4,9.6,2.7,1.5,1.2,0.2,0.1,115,270,132,151,280,362,439,0.85,1.54,0.63,1.23
2023-2-2 12:00 AM,4.1,4.72,3.29,3190,2.87,19.62,5.33,3.32,2.57,63.05,0.73,0.26,1.59,2.29,62.2,1.9,1.3,8.8,2.2,0.18,22.6,39.7,5.5,0,5.5,10.5,2.4,1.7,1.3,0.2,0,115,274,131,150,277,345,439,0.12,3.29,0.61,0.97
2023-2-3 12:00 AM,4.1,4.58,4.02,3050,2.96,19.52,5.38,3.42,2.61,62.46,0.75,0.27,1.5,2.37,60,1.8,1.3,9.9,2.5,0.27,20.1,40,5.3,0,5.3,9.6,2.9,1.7,1.4,0.2,0.2,113,273,144,147,263,347,429,0.13,0.67,0.69,0.91
2023-2-4 12:00 AM,4.1,4.36,3.93,3110,2.8,19.28,5.37,3.57,2.62,62.92,0.74,0.28,1.52,2.36,59.7,1.7,1.2,9.7,2.6,0.5,20.1,39.6,5.3,0,5.4,10.4,2.6,1.5,1.4,0.2,0,115,255,137,146,287,347,426,0.15,0.72,0.63,0.83
2023-2-5 12:00 AM,4.1,4.35,3.51,3200,2.84,19.58,5.33,3.56,2.61,63.04,0.74,0.28,1.48,2.32,59.7,1.9,1.4,10.3,2.6,0.43,22.6,37.1,4.7,0,4.7,10.1,2.5,1.7,1.3,0.2,0.2,116,258,139,159,273,378,422,0.15,0.7,0.63,0.74
2023-2-7 12:00 AM,4.1,4.36,3.11,3160,2.78,19.54,5.31,3.5,2.6,62.7,0.72,0.28,1.52,2.42,59.9,1.6,1.2,10.6,2.4,0.41,21.8,38.1,4.7,0,4.7,10.1,2.6,1.6,1.4,0.2,0.1,115,261,142,152,286,352,438,0.14,0.69,0.69,0.65
2023-2-8 12:00 AM,4.1,4.34,3.27,3200,2.78,19.53,5.41,3.4,2.67,62.52,0.75,0.29,1.53,2.46,59.3,1.7,1.4,10.5,2.5,0.23,21.9,37.4,5.2,0,5.2,10.1,2.6,1.5,1.4,0.3,0,117,258,137,146,274,347,429,0.13,0.68,0.67,0.75
2023-2-9 12:00 AM,4.1,4.42,2.99,3180,2.88,19.4,5.37,3.43,2.67,62.54,0.77,0.29,1.59,2.39,59.5,1.8,1.4,9.7,2.6,0.35,20.4,39.1,5.3,0,5.3,10.2,2.8,1.2,1.5,0.4,0.1,115,255,133,153,277,341,423,0.16,0.58,0.69,0.63
2023-2-10 12:00 AM,4.1,4.33,3.38,3200,2.77,19.12,5.4,3.61,2.72,62.12,0.75,0.3,1.53,2.35,57.8,1.7,1.3,10.4,2.5,0.46,20.3,37.4,5,0,5.1,10.5,2,2,1.7,0.2,1.1,116,260,138,154,296,373,454,0.1,0.66,0.59,0.89
2023-2-11 12:00 AM,4.1,3.71,3.66,3210,2.74,19.21,5.44,3.52,2.76,62.1,0.75,0.29,1.58,2.23,58,1.8,1.4,11.6,2.2,0.3,20.2,37.8,4.8,0.3,5.1,9,2,2,1.7,0.2,0.2,116,265,138,152,276,365,440,0.14,0.65,0.55,0.84
2023-2-12 12:00 AM,4.1,4.45,3.6,3250,2.96,19.05,5.47,3.48,2.83,62.14,0.78,0.31,1.58,2.18,59,1.8,1.7,10,2.4,0.25,21.9,37,6.1,0,6.1,9.7,1.8,2.8,1.7,0.2,0.2,116,243,128,153,273,348,429,0.26,1.02,0.49,0.8
2023-2-13 12:00 AM,4.1,4.35,3.6,3190,2.84,19.11,5.46,3.47,2.78,62.16,0.77,0.29,1.51,2.23,58.6,1.6,1.5,10.2,2.7,0.16,19.2,39.4,5.4,0,5.4,10.4,2.1,2,1.9,0.2,0.1,116,245,152,147,269,357,434,0.26,1.18,0.54,0.82
2023-2-14 12:00 AM,4.1,4.34,3.5,3160,2.88,19.07,5.56,3.37,2.91,62.08,0.8,0.28,1.51,2.18,57.9,1.8,1.4,12,2.3,0.23,21.2,36.7,5.8,0,5.8,9.2,2.1,2.1,1.8,0.2,1.3,115,265,150,159,280,351,434,0.51,0.98,0.55,0.88
2023-2-15 12:00 AM,4.1,4.24,3.84,3230,2.92,19.07,5.61,3.28,3,62.38,0.81,0.29,1.47,2.16,59.8,1.9,1.4,9.5,2.5,0.25,21.1,38.7,6.3,0,6.3,9.4,1.9,2.5,1.8,0.1,0.1,115,259,144,168,311,385,453,0.12,0.56,0.49,0.71
2023-2-16 12:00 AM,4.1,4.12,3.34,3200,2.88,19.13,5.56,3.33,2.87,62.04,0.8,0.28,1.5,2.18,57.4,1.7,1.3,10.9,2.8,0.15,20.8,36.6,5.6,0,5.6,9.5,1.5,2.5,1.7,0.2,1.3,117,260,144,161,279,371,438,0.1,0.61,0.47,0.79
2023-2-17 12:00 AM,4.1,4.07,3.07,3240,2.8,19.18,5.62,3.39,2.85,62.19,0.79,0.29,1.54,2.08,57.4,1.7,1.4,10.8,2.5,0.19,20.4,36.9,5.6,0,5.6,9.8,1.5,2.2,1.7,0.3,1.7,117,266,141,159,290,383,453,0.12,0.62,0.41,0.86
2023-2-18 12:00 AM,4.1,4.3,3.74,3287.5,2.94,19.23,5.62,3.45,2.85,62.44,0.8,0.29,1.39,1.97,56.8,1.9,1.3,10.8,2.7,0.14,20.3,36.5,5.8,0,5.8,9.6,0.6,3.8,1.8,0.2,1.9,117,251,150,169,298,365,446,0.2,0.85,0.27,0.88
2023-2-19 12:00 AM,4.1,4.02,3.74,3220,2.86,19.3,5.6,3.39,2.83,62.18,0.83,0.3,1.39,2.19,57.5,1.9,1.4,11.3,2.6,0.11,20,37.5,5.7,0,5.7,9.9,1.5,2.5,1.7,0.1,1.7,118,250,143,168,298,367,439,0.14,0.66,0.42,0.76
2023-2-20 12:00 AM,4.1,4.22,3.71,3180,2.79,18.94,5.65,3.4,2.82,62.27,0.8,0.28,1.57,2.25,58.2,1.5,1.4,10.1,2.7,0.31,20.2,38,6.4,0,6.4,9.8,1.6,2.5,1.7,0.2,0.1,118,263,143,157,277,351,418,0.14,0.62,0.49,0.67
2023-2-21 12:00 AM,4.1,4.2,3.43,3200,2.77,19.15,5.73,3.33,2.85,61.84,0.83,0.29,1.57,2.17,57.3,1.7,1.5,11.6,2.7,0.08,19.8,37.5,6.8,0,6.8,9.9,1.6,2.7,1.8,0.2,0.1,115,241,145,166,303,374,432,0.15,0.71,0.48,0.88
2023-2-22 12:00 AM,4.1,4.33,3.88,3110,2.79,19.28,5.65,3.28,2.82,62.49,0.79,0.31,1.53,2.24,57.8,1.5,1.5,10.2,2.5,0.06,20.4,37.5,6.7,0,6.7,9,1.8,2.5,1.8,0.2,1,115,263,152,152,287,352,415,0.14,0.69,0.51,0.92
2023-2-23 12:00 AM,4.1,4.49,5.51,3200,2.77,19.27,5.61,3.3,2.86,61.97,0.79,0.3,1.54,2.2,57.1,1.8,1.4,12.2,2.5,0.24,20.3,36.9,6.6,0,6.6,9,1.9,2.1,1.7,0.1,1.5,113,252,149,166,293,373,420,0.15,0.79,0.53,0.89
2023-2-24 12:00 AM,4.1,4.66,4.78,3180,2.83,19.38,5.64,3.21,2.89,62.4,0.78,0.3,1.5,2.25,55.9,1.8,1.4,13.4,2.5,0.1,19.7,36.2,6.8,0,6.8,8.4,2.2,2.3,2,0.3,0.4,113,259,139,164,298,368,444,0.13,0.75,0.57,0.99
2023-2-25 12:00 AM,4.1,4.42,5.13,3190,2.9,19.33,5.65,3.21,2.81,62.31,0.8,0.3,1.5,2.28,56.9,1.9,1.6,10.6,2.7,0.12,17.2,39.7,7.1,0,7.1,8.6,2,3.1,1.8,0.3,0.2,114,252,136,158,276,358,436,0.14,0.78,0.53,0.98
2023-2-26 12:00 AM,4.1,4.34,4.26,3170,2.81,19.21,5.73,3.26,2.82,62.39,0.81,0.3,1.5,2.2,57.9,1.8,1.5,10.8,2.7,0.27,18.8,39.2,7.8,0.4,8.2,8.5,1.4,3.1,1.7,0.2,0.1,115,242,139,150,270,360,431,0.69,1.82,0.52,0.95
2023-2-27 12:00 AM,4.1,4.5,3.92,3180,2.8,19.17,5.71,3.32,2.74,62.35,0.81,0.3,1.51,2.3,57,1.6,1.5,10.9,2.6,0.19,19.1,37.9,7.3,0.2,7.4,9,2.1,2.4,1.7,0.3,0,110,252,152,156,275,355,429,0.54,1.36,0.55,0.89
2023-2-28 12:00 AM,4.1,4.58,4.27,3150,2.76,19.17,5.73,3.29,2.74,62.48,0.81,0.29,1.58,2.33,59.1,2,1.4,8.6,2.7,0.32,17.9,41.2,7.3,0.2,7.5,9.1,1.9,2.7,1.4,0.2,0.1,116,255,150,162,304,376,448,0.72,1.86,0.55,0.92
2023-3-1 12:00 AM,4.1,4.63,4.04,3210,2.77,18.87,5.64,3.49,2.72,62.11,0.82,0.29,1.61,2.3,57.7,2,1.4,10.3,2.4,0.29,18.5,39.2,6.6,0.1,6.7,9.7,1.7,2.5,1.7,0.2,1.7,116,247,143,168,296,363,443,0.79,1.89,0.55,0.69
2023-3-2 12:00 AM,4.1,4.57,3.52,3180,2.83,18.89,5.62,3.47,2.76,61.98,0.83,0.3,1.58,2.22,60.8,2.1,1.5,7.7,2.7,0.24,19,41.8,6.6,0.2,6.9,9.9,1.6,2.8,1.4,0.2,0.1,114,248,142,168,298,369,444,0.52,1.45,0.46,0.76
2023-3-3 12:00 AM,4.1,4.43,4.36,3140,2.92,19.47,5.84,3.34,2.93,62.79,0.86,0.31,1.58,2.12,57.9,2.2,1.7,10.1,2.8,0.22,20.4,37.5,7.4,0,7.4,8.9,1.4,3.2,1.7,0.2,0.2,110,251,126,168,296,355,436,0.75,1.96,0.5,1.03
2023-3-4 12:00 AM,4.1,4.41,4.58,3120,2.93,18.87,5.68,3.24,2.85,61.64,0.85,0.3,1.51,2.21,56.5,2.1,1.6,11.1,2.7,0.21,19.6,36.9,7.1,0.1,7.2,8.4,1.9,2.8,1.8,0.1,1.5,113,242,143,156,272,354,429,0.93,2.06,0.46,0.75
2023-3-5 12:00 AM,4.1,4.29,4.46,3170,2.91,18.91,5.74,3.17,2.9,62.01,0.85,0.31,1.51,2.19,58.2,1.6,1.7,9.6,2.8,0.11,21.3,36.9,7.8,0,7.8,8.3,1.7,2.8,2,0.2,0.2,115,250,144,165,298,368,457,0.11,0.74,0.47,0.81
2023-3-6 12:00 AM,4.1,4.6,4.38,3160,2.86,18.9,5.79,3.24,2.94,62.01,0.82,0.3,1.52,2.11,58.1,1.9,1.6,11.1,2.4,0.17,19.5,38.5,7.7,0.1,7.8,8.6,1.9,2.6,1.8,0.1,0.1,115,243,146,162,288,365,435,0.26,0.81,0.52,0.84
2023-3-7 12:00 AM,4.1,4.6,3.52,3230,2.91,18.85,5.76,3.19,2.93,61.89,0.83,0.3,1.41,2.08,58,1.6,1.6,9.6,2.3,0.16,18.1,39.9,8.1,0,8.1,8.4,1.7,2.9,2.1,0.2,0,113,236,137,166,290,368,437,0.11,0.62,0.5,0.73
2023-3-8 12:00 AM,4.1,4.42,4.84,3170,2.87,18.84,5.75,3.19,2.86,62.28,0.82,0.31,1.42,2.22,59.2,2,1.7,9.6,2.6,0.23,19.2,40,8.1,0.1,8.2,8.3,1.7,2.6,1.8,0.1,0.2,112,240,142,165,287,357,428,0.12,0.72,0.48,0.79
2023-3-9 12:00 AM,4.1,4.35,3.8,3240,2.81,19.13,5.76,3.25,2.78,62.27,0.79,0.3,1.56,2.03,58.5,1.8,1.7,9.7,2.5,0.24,18.5,39.9,7.7,0.2,8,8.6,0.9,3.5,1.7,0.2,0.1,112,246,138,162,289,366,440,0.09,0.78,0.37,0.89
2023-3-10 12:00 AM,4.1,4.43,4.7,3190,2.78,19.16,5.68,3.3,2.77,62.18,0.79,0.3,1.49,2.23,59.3,1.8,1.5,9,2.4,0.22,20.5,38.8,7.3,0.1,7.4,8.9,2.1,2.3,1.5,0.2,0,113,248,143,171,309,379,449,0.26,0.78,0.56,0.85
2023-3-11 12:00 AM,4.1,4.6,3.35,3150,2.62,18.84,5.59,3.31,2.69,61.83,0.74,0.28,1.5,2.14,59.3,1.6,1.3,9.7,2,0.15,20.3,38.9,6.8,0.3,7.2,9.4,1.3,2.6,1.8,0.2,0.9,112,245,147,160,293,367,435,0.16,0.86,0.45,0.8
2023-3-12 12:00 AM,4.1,4.52,4.3,3240,2.8,19.27,5.69,3.36,2.82,62.68,0.76,0.27,1.5,2.2,59.9,1.9,1.4,8.7,2.2,0.26,19.7,40.2,6.7,0.2,6.9,9.3,1.7,2.9,1.7,0.2,0.1,110,241,142,160,291,377,436,0.13,0.72,0.48,0.9
2023-3-14 12:00 AM,4.1,4.79,4.99,3130,2.65,19.19,5.69,3.29,2.79,62.38,0.74,0.25,1.54,2.25,58.7,1.8,1.4,10.4,2.3,0.25,19.1,39.6,7.1,0.2,7.3,9,2.2,2,1.7,0.2,0,111,247,144,157,288,386,461,0.14,0.95,0.6,0.83
2023-3-15 12:00 AM,9,3.7,4.29,3150,2.71,19.02,5.72,3.28,2.8,62.25,0.74,0.27,2.66,2.24,58.7,1.8,1.5,9.7,2.5,0.26,18.2,40.5,7.4,0.2,7.6,8.9,2.2,2.4,1.8,0.2,0.1,115,255,134,152,284,358,436,0.13,0.67,0.58,0.2
2023-3-16 12:00 AM,4.1,4.77,4.19,3260,2.67,19.38,5.76,3.32,2.85,62.74,0.76,0.27,1.47,2.31,57.8,2.1,1.4,10.4,2.4,0.29,17,40.8,7.4,0.1,7.5,9.2,2.1,2.2,1.7,0.2,0.8,111,245,141,150,276,355,431,0.14,0.7,0.6,0.97
2023-3-17 12:00 AM,4.1,4.93,4.04,3220,2.7,19.36,5.74,3.38,2.7,62.62,0.74,0.27,1.53,2.46,56.7,1.7,1.3,11.5,2.4,0.36,18.8,37.8,7,0.3,7.2,9.4,2.6,1.9,1.6,0.3,0.1,115,247,137,165,299,384,466,0.09,0.62,0.71,0.97
2023-3-18 12:00 AM,4.1,5.02,5.27,3210,2.71,19.17,5.69,3.36,2.63,62.19,0.74,0.27,1.53,2.46,59,2.3,1.3,9.1,2.1,0.25,21,38,7,0.5,7.4,9.1,3,1.6,1.5,0.2,1.1,117,245,136,160,286,374,446,0.13,0.73,0.78,0.99
2023-3-20 12:00 AM,4.1,5.02,4.26,3090,2.72,19.11,5.68,3.29,2.59,62.14,0.73,0.26,1.49,2.4,57,1.8,1.2,11.9,2,0.33,19.6,37.4,6.9,0.2,7.1,9.2,2.9,1.3,1.6,0.3,0,114,241,144,153,297,389,454,0.88,1.93,0.78,0.96
2023-3-21 12:00 AM,4.1,4.97,4.31,3120,2.75,19.15,5.68,3.33,2.61,62.22,0.72,0.26,1.46,2.45,57.5,1.9,1.2,10.5,2.3,0.23,19.6,37.9,6.4,0.3,6.6,9.7,3.3,1.2,1.5,0.2,0.9,108,241,149,149,271,367,450,0.74,1.95,0.79,0.93
2023-3-22 12:00 AM,4.1,5.17,4.31,3140,2.75,19.22,5.7,3.35,2.65,62.42,0.74,0.27,1.49,2.42,57.8,1.9,1.2,10.9,2.2,0.29,20.8,37,6.9,0.3,7.2,9.3,3,1.6,1.6,0.3,0.1,110,244,137,161,301,398,458,0.63,1.86,0.76,0.89
2023-3-23 12:00 AM,4.1,5.18,4.04,3140,2.72,19.23,5.75,3.33,2.66,61.98,0.77,0.28,1.48,2.37,57.2,1.7,1.2,9.8,2.6,0.38,17.3,39.9,7.3,0.4,7.7,9.1,2.8,1.7,1.6,0.4,1.2,116,246,133,171,319,405,463,0.78,1.75,0.74,1.12
2023-3-24 12:00 AM,4.1,5.01,4.21,3150,2.82,19.26,5.73,3.29,2.62,62.28,0.78,0.29,1.46,2.45,58.3,2,1.4,10,2.4,0.38,19.5,38.8,7.1,0.5,7.5,9.1,3.3,1.5,1.6,0.3,0,114,245,133,170,290,357,449,0.74,1.86,0.76,1.09
2023-3-25 12:00 AM,4.1,4.89,4.36,3120,2.88,18.96,5.65,3.28,2.57,62.11,0.8,0.3,1.51,2.57,58.2,1.9,1.5,9.1,3.1,0.42,15.9,42.3,7.1,0.4,7.5,9.1,3.6,1.4,1.5,0.2,0.3,116,250,136,153,271,356,431,0.82,1.91,0.77,0.91
2023-3-26 12:00 AM,4.1,4.93,3.81,3200,2.82,19.06,5.81,3.29,2.63,62.69,0.78,0.31,1.51,2.44,58,1.7,1.4,9.9,2.7,0.51,19,39,8.1,0.4,8.5,8.4,2.7,1.7,1.5,0.4,0.1,116,248,136,170,308,397,470,0.34,0.75,0.7,1.05
2023-3-27 12:00 AM,4.1,4.88,3.47,3170,2.93,18.87,5.77,3.22,2.62,62.53,0.78,0.27,1.54,2.49,58.7,1.5,1.1,9.3,2.6,0.59,21.2,37.4,8.1,0.4,8.5,8.9,3.2,0.9,1.7,0.3,0.1,114,248,137,158,313,375,445,0.22,0.72,0.79,0.69
2023-3-28 12:00 AM,4.1,4.65,3.26,3130,2.77,19,5.82,3.22,2.72,62.58,0.78,0.31,1.52,2.39,59,1.9,1.4,9.2,2.1,0.44,21.1,38,8.7,0.3,9.1,8.2,2.8,1.6,1.7,0.1,0.1,116,249,129,166,313,393,467,0.46,0.75,0.7,0.74
2023-3-29 12:00 AM,4.1,4.58,3.08,3250,2.85,19.08,5.75,3.21,2.73,62.5,0.8,0.3,1.51,2.55,57.4,2.1,1.4,11.2,2.4,0.56,18.8,38.6,8.3,0.4,8.7,8,2.9,1.1,1.6,0.3,0.2,114,246,139,153,284,357,431,0.31,0.69,0.74,0.78
2023-3-30 12:00 AM,4.1,4.69,3.78,3200,2.79,18.87,5.74,3.2,2.71,62.46,0.79,0.3,1.59,2.51,58.4,1.8,1.4,8.9,2.7,0.7,18.4,40,8.5,0.6,9.1,7.5,3,1.5,1.7,0.2,0.1,115,246,132,164,310,368,464,0.34,0.96,0.73,0.88
2023-3-31 12:00 AM,4.1,4.71,4.3,3170,2.77,19.1,5.73,3.23,2.74,62.59,0.79,0.3,1.58,2.56,57.7,1.7,1.3,10.8,2.3,0.29,18.5,39.2,7,0.5,7.5,9.1,3.2,1,1.8,0.4,0,114,247,127,165,308,381,447,0.42,1.15,0.79,0.96
2023-4-1 12:00 AM,4.1,4.65,4.1,3150,2.85,19.37,5.68,3.3,2.75,62.3,0.78,0.29,1.58,2.51,56.1,2,1.3,11.4,2.2,0.3,18.7,37.4,7,0.3,7.3,8.5,3.6,1.1,1.7,0.3,1.6,114,263,130,162,310,381,455,0.31,0.86,0.77,1
2023-4-2 12:00 AM,4.1,4.77,4.67,3100,2.78,19.39,5.69,3.35,2.77,62.66,0.76,0.28,1.58,2.48,57.7,2,1.3,11.5,2.3,0.21,18.5,39.2,6.8,0.2,7,9.3,3,1.3,1.6,0.3,0.1,110,246,143,155,288,360,440,0.14,0.74,0.74,0.9
2023-4-4 12:00 AM,4.1,4.86,4.46,3140,2.86,19.12,5.74,3.3,2.83,62.28,0.77,0.28,1.53,2.46,56.3,2.1,1.6,11.7,2.4,0.3,19.5,36.8,7.6,0.2,7.8,8.7,3.1,1.3,1.7,0.3,0.3,114,248,138,153,283,363,432,0.52,0.85,0.73,0.91
2023-4-5 12:00 AM,4.1,4.61,4.54,3160,2.77,19.11,5.74,3.25,2.77,62.79,0.79,0.3,1.54,2.54,58.2,2.2,1.4,10,2.4,0.42,20.3,37.9,8.4,0.3,8.6,8.3,3.1,1.3,1.7,0.2,0.1,115,248,141,169,311,390,478,0.12,0.58,0.73,1.04
2023-4-6 12:00 AM,4.1,4.33,4.91,3140,2.72,19.14,5.76,3.16,2.85,62.33,0.77,0.31,1.59,2.44,57.1,2.1,1.5,11.2,2.5,0.47,20.9,36.3,8.7,0,8.7,8,2.6,1.9,1.6,0.2,0.1,116,249,139,170,314,394,482,0.1,0.77,0.61,1.05
2023-4-7 12:00 AM,4.1,4.55,4.45,3170,2.75,19.21,5.79,3.19,2.89,62.6,0.77,0.3,1.59,2.51,55.2,1.9,1.3,11.4,2.5,0.38,17.6,37.6,8.7,0.1,8.9,7.6,3,1.5,1.8,0.2,1.4,115,250,145,163,298,372,448,0.16,0.87,0.69,1.12
2023-4-9 12:00 AM,4.1,4.51,4.52,3110,2.81,19.11,5.74,3.21,2.86,62.71,0.77,0.29,1.61,2.48,56,2,1.4,12.4,2.4,0.43,20.5,35.6,8.8,0.3,9.1,7.3,2.8,1.5,1.6,0.5,0.1,108,246,131,161,304,374,463,0.83,1.96,0.67,0.81
2023-4-10 12:00 AM,4.1,4.4,5.18,3120,2.82,19.02,5.77,3.16,2.88,62.47,0.8,0.3,1.59,2.52,55,1.8,1.4,13.4,2.7,0.46,19.2,35.7,9.1,0.2,9.2,7.3,2.8,1.5,1.7,0.1,0,108,253,128,154,292,357,427,0.91,2.06,0.68,0.94
2023-4-11 12:00 AM,4.1,4.42,4.74,3120,2.94,18.91,5.81,3.08,2.97,61.77,0.84,0.3,1.66,2.81,57.1,2,1.5,10.1,2.4,0.29,18.6,38.5,9.4,0,9.4,7.5,3.3,1,1.7,0.2,0.1,112,247,122,147,278,356,424,0.89,2.03,0.66,0.85
2023-4-12 12:00 AM,4.1,4.55,4.33,3130,2.81,19.11,5.78,3.26,2.89,62.55,0.79,0.3,1.66,2.45,57.2,1.8,1.4,11,2.3,0.42,20.4,36.8,8.2,0,8.3,8.1,3,1.4,1.7,0.2,0.1,118,246,135,164,309,381,453,0.82,1.96,0.68,0.75
2023-4-13 12:00 AM,4.1,4.59,4.46,3110,2.81,19.08,5.71,3.38,2.86,62.47,0.77,0.3,1.62,2.51,55,2.1,1.4,12.4,2.2,0.32,18.6,36.4,7.3,0,7.3,8.9,2.9,1.3,2,0.2,1.6,113,245,133,161,297,374,459,0.95,2.03,0.76,0.82
2023-4-14 12:00 AM,4.1,4.44,4.16,3100,2.8,18.98,5.64,3.67,2.9,62.03,0.77,0.3,1.53,2.25,57.5,1.9,1.5,11.4,2.1,0.21,21.3,36.2,5.9,0.1,6.1,10.2,2.2,1.8,1.7,0.3,0.1,118,244,139,178,292,371,465,0.94,2.43,0.59,0.77
2023-4-15 12:00 AM,4.1,4.38,4.47,3140,2.78,19.12,5.78,3.29,2.96,62.03,0.78,0.29,1.51,2.31,56.2,1.8,1.3,12.7,2.5,0.18,20.6,35.6,8.3,0,8.3,8.2,2.3,1.8,1.7,0.2,0,118,247,139,163,308,375,455,0.95,2.06,0.57,0.84
2023-4-16 12:00 AM,4.11,4.39,4.33,3210,2.78,18.96,5.79,3.17,2.95,62.04,0.8,0.29,1.51,2.42,56.5,2,1.5,11.1,2.6,0.38,20.8,35.7,8.9,0,8.9,7.8,2.5,1.5,1.8,0.3,0.1,116,244,142,174,316,400,483,0.15,0.71,0.62,0.86
2023-4-17 12:00 AM,4.1,4.36,5,3070,2.79,18.93,5.82,3.22,3,62.37,0.8,0.29,1.59,2.48,55.3,2,1.4,11.3,2.5,0.3,19,36.3,8.6,0.3,8.9,7.7,3.3,1,1.9,0.2,1.4,110,270,120,149,284,357,425,0.12,0.75,0.66,0.91
2023-4-18 12:00 AM,4.1,4.34,4.22,3140,2.87,19.04,5.78,3.27,2.92,62.39,0.81,0.3,1.6,2.43,56.1,2.1,1.4,11,2.5,0.25,20.3,35.8,8.2,0,8.2,8.1,2.9,1.8,1.7,0.2,0.1,114,241,132,165,294,380,454,0.12,0.67,0.67,0.95
2023-4-19 12:00 AM,4.1,4.43,4.46,3140,2.85,18.91,5.69,3.33,2.84,62.06,0.79,0.29,1.57,2.93,56,2.1,1.4,10.7,2.6,0.39,18,38,7.6,0.2,7.8,8.7,3.1,1.1,1.8,0.2,1.2,114,246,131,149,276,352,432,0.13,0.68,0.71,0.82
2023-4-20 12:00 AM,4.1,4.53,4.88,3130,2.82,19.09,5.68,3.32,2.84,62.44,0.79,0.29,1.58,2.65,57.8,1.8,1.4,10.7,2.6,0.44,20.5,37.2,7.2,0.3,7.4,8.7,3.4,0.8,1.6,0.2,0,109,246,133,150,265,345,419,0.15,0.7,0.75,1.03
2023-4-21 12:00 AM,4.1,4.5,3.96,3130,2.75,19.1,5.67,3.29,2.85,62.42,0.79,0.29,1.64,2.53,56.6,2,1.4,11.4,2.4,0.34,18.1,38.6,7.6,0.3,7.9,8.2,3.2,0.8,1.9,0.2,1,112,248,128,162,293,358,423,0.15,0.68,0.75,1.17
2023-4-22 12:00 AM,4.1,4.3,3.72,3170,2.79,19.12,5.67,3.48,2.87,62.07,0.78,0.31,1.64,2.39,56.9,2,1.5,10.9,2.5,0.29,19.7,37.2,6.2,0.2,6.4,9.5,2.5,1.6,1.6,0.2,1.1,118,250,137,169,295,363,445,0.12,0.59,0.65,1.13
2023-4-23 12:00 AM,4.1,4.4,3.86,3150,2.79,19.17,5.69,3.45,2.86,62.24,0.78,0.3,1.54,2.39,57.6,2,1.5,10.7,2.1,0.28,21.1,36.4,6.5,0.1,6.7,9.4,2.7,1.3,1.7,0.2,0.9,114,250,139,157,278,360,433,0.15,0.72,0.68,0.83
2023-4-24 12:00 AM,4.1,4.4,4.72,3130,2.81,18.99,5.63,3.42,2.77,62.23,0.77,0.3,1.52,2.37,57,2,1.4,10.9,2.4,0.33,18.1,38.9,6.5,0.2,6.8,9.4,3.3,0.6,1.7,0.2,1.5,115,251,130,160,297,360,428,0.55,0.89,0.6,0.86
2023-4-25 12:00 AM,4.1,4.33,4.12,3170,2.77,19.15,5.64,3.4,2.82,62.19,0.78,0.3,1.45,2.57,56.6,1.9,1.4,11,2.4,0.29,18.8,37.8,6.9,0.3,7.2,8.9,2.9,1.2,1.9,0.2,1.2,112,247,140,156,292,355,422,0.19,0.78,0.75,0.87
2023-4-26 12:00 AM,4.1,4.5,4.06,3210,2.8,19.14,5.64,3.49,2.83,62.49,0.79,0.32,1.63,2.46,58.2,1.8,1.5,9.9,2.4,0.34,19.8,38.5,6.9,0.4,7.3,9.2,3,1.3,1.7,0.2,0,112,244,138,150,282,360,421,0.16,0.76,0.72,0.92
2023-4-27 12:00 AM,4.1,4.59,3.26,3140,2.84,19.09,5.66,3.52,2.87,62.59,0.79,0.32,1.55,2.31,56.6,1.8,1.5,12.3,2.3,0.38,17.3,39.3,6.9,0.2,7,9.1,2.8,1.6,1.8,0.2,0,118,242,134,167,308,375,465,0.09,0.54,0.69,1.05
2023-4-28 12:00 AM,4.1,4.43,3.79,3140,2.79,18.96,5.69,3.38,2.9,62.28,0.79,0.3,1.43,2.45,56.4,2.3,1.4,11.1,2,0.43,17.6,38.8,7.4,0.3,7.7,8.5,2.9,1.3,2,0.2,1.5,114,247,118,168,300,382,439,0.16,0.73,0.72,0.89
2023-4-29 12:00 AM,4.1,4.52,4.9,3080,2.82,19.21,5.75,3.42,2.91,62.73,0.78,0.3,1.53,2.58,56.6,1.8,1.4,11.1,2.4,0.4,19.7,36.9,7,0.3,7.3,9.1,3.2,0.9,2,0.2,0,113,246,114,172,283,367,438,0.14,0.71,0.79,0.9
2023-4-30 12:00 AM,4.1,4.57,4.08,3120,2.94,18.98,5.67,3.39,2.83,62.2,0.78,0.3,1.53,2.51,56.2,1.8,1.3,11.8,2.1,0.31,19.5,36.7,6.9,0.2,7.1,9.1,3.3,1.1,1.7,0.2,1.2,112,247,126,156,276,358,429,0.86,1.89,0.8,0.83
2023-5-3 12:00 AM,4.1,4.51,4.89,3130,2.78,19.35,5.7,3.5,2.88,62.42,0.76,0.3,1.5,2.31,55.3,1.8,1.5,13,2.4,0.3,19.2,36.1,6.8,0.3,7.1,9.3,2.3,2.1,1.8,0.2,0,114,245,134,156,279,342,421,0.91,2.06,0.62,0.96
2023-5-4 12:00 AM,4.1,4.54,4.68,3200,2.79,19.35,5.65,3.44,2.8,62.26,0.76,0.29,1.48,2.14,55.3,1.7,1.4,14,2.3,0.3,17.4,37.9,6.5,0.2,6.7,9.4,1.5,2.8,1.9,0.2,0.1,118,241,135,154,286,367,437,1.06,2.13,0.5,0.91
2023-5-5 12:00 AM,4.1,4.59,4.32,3180,2.79,19.29,5.65,3.36,2.83,62.43,0.75,0.28,1.46,2.29,58,2,1.5,11.5,2.4,0.4,21.6,36.4,7,0.3,7.3,8.5,2.2,2.2,1.7,0.3,0.1,120,245,131,156,283,365,439,0.94,1.96,0.6,0.96
2023-5-6 12:00 AM,4.1,4.61,4.32,3180,2.85,19.28,5.63,3.36,2.83,62.6,0.76,0.28,1.49,2.29,56.2,1.9,1.1,11.6,2.6,0.37,18.1,38.1,6.7,0.4,7.1,8.7,2.1,2.3,1.8,0.2,0.9,119,239,123,163,303,375,474,0.82,2.03,0.57,0.74
2023-5-7 12:00 AM,4.1,4.55,4.01,3210,2.85,19.34,5.6,3.38,2.82,62.51,0.76,0.28,1.49,2.3,59.8,1.9,1.5,8.5,2.5,0.27,19.9,40,6.2,0,6.3,10,2,2.5,1.6,0.1,0,118,243,139,173,318,401,498,0.12,0.68,0.58,0.77
2023-5-8 12:00 AM,4.1,4.55,4.2,3150,2.63,19.42,5.55,3.2,2.86,62.78,0.72,0.28,1.55,2.33,56.8,2,1.5,12,2.4,0.23,19.4,37.5,6,0.1,6,9.5,2.4,2,1.8,0.1,1.1,117,245,136,173,309,393,490,0.96,2.03,0.59,0.71
2023-5-9 12:00 AM,4.1,4.64,3.64,3160,2.74,19.33,5.5,3.13,2.84,62.78,0.75,0.28,1.54,2.58,58.7,2,1.3,10.1,2.3,0.49,19.3,39.4,6.6,0.5,7,8.6,3.1,1.5,1.7,0.2,0.1,117,248,136,166,312,391,467,0.64,0.98,0.77,1.05
2023-5-10 12:00 AM,4.1,4.79,4.16,3150,2.77,19.37,5.59,3.36,2.83,62.22,0.74,0.31,1.62,2.77,58.4,2,1.3,9.9,2.5,0.43,18.8,39.6,6.8,0.5,7.3,9.1,3.4,1.4,1.5,0.2,0.1,117,247,130,174,319,416,480,0.11,0.65,0.85,0.85
2023-5-11 12:00 AM,4.1,4.77,3.13,3180,2.75,19.87,5.46,3.37,2.83,62.91,0.73,0.29,1.7,2.39,59.8,1.9,1.5,9,2.3,0.35,18.6,41.2,6.3,0.3,6.5,9.3,3.1,1.6,1.7,0.3,0,120,251,121,174,300,400,469,0.15,0.65,0.67,0.94
2023-5-12 12:00 AM,4.1,4.94,3.76,3170,2.78,19.91,5.41,3.39,2.82,63.37,0.72,0.29,1.49,2.51,59.9,1.9,1.3,9.8,2.4,0.38,19.5,40.4,5.5,0.2,5.6,9.5,3,1.2,1.5,0.2,0,119,251,126,165,299,386,477,0.11,0.67,0.75,0.99
2023-5-13 12:00 AM,4.1,4.95,3.91,3190,2.8,19.79,5.5,3.41,2.8,62.86,0.73,0.3,1.57,2.59,59,1.7,1.4,9.7,2.6,0.43,20.5,38.5,5.9,0.3,6.2,9.6,3.3,1,1.5,0.3,0,117,248,130,172,309,388,445,0.16,0.69,0.8,0.96
2023-5-14 12:00 AM,4.1,4.93,4.07,3160,2.76,19.96,5.4,3.36,2.65,62.7,0.72,0.28,1.57,2.38,57.8,2,1.3,11.6,2.1,0.32,20.6,37.2,5.3,0,5.4,9.3,2.9,1.2,1.6,0.1,1.4,117,247,140,177,321,415,453,0.11,0.65,0.73,1.1
2023-5-15 12:00 AM,4.1,4.84,4.89,3190,2.94,19.31,5.41,3.38,2.59,62.51,0.72,0.26,1.48,2.51,59.4,2.3,1.3,10.8,2.1,0.49,20.2,39.2,5.6,0.1,5.7,9.7,3.9,0.7,1.4,0.2,0.4,117,255,133,148,288,360,443,0.26,0.74,0.86,0.82
2023-5-16 12:00 AM,4.1,4.76,3.27,3190,2.79,19.62,5.43,3.34,2.6,62.98,0.72,0.26,1.49,2.46,59.7,2.1,1.2,9.5,2.4,0.39,20.7,39,5.4,0.2,5.6,10.2,3.2,1.2,1.3,0.2,0.1,117,246,139,172,319,414,458,0.11,0.53,0.78,0.95
2023-5-17 12:00 AM,4.1,4.87,5.06,3160,2.87,19.55,5.44,3.39,2.63,62.87,0.74,0.27,1.52,2.52,57.1,2.2,1.3,11.1,2.3,0.27,20.2,36.9,5.3,0.1,5.4,9.6,3.3,1.1,1.4,0.1,1.2,116,243,138,164,297,379,454,0.12,0.84,0.77,0.98
2023-5-18 12:00 AM,4.1,4.74,4.2,3170,2.81,19.43,5.48,3.36,2.71,62.51,0.74,0.27,1.55,2.55,57,1.8,1.3,10.8,2.6,0.66,19.7,37.3,5.9,0.1,6,8.8,3.2,0.9,1.7,0.2,2,118,240,142,162,284,380,455,0.13,0.73,0.78,0.89
2023-5-19 12:00 AM,4.1,4.56,3.7,3170,2.84,19.38,5.55,3.42,2.77,62.27,0.75,0.28,1.6,2.62,57.1,2.2,1.2,10.7,2.3,0.27,18.8,38.3,6.1,0.3,6.4,9,3.7,0.6,1.5,0.3,1.9,117,245,122,171,292,364,440,0.13,0.69,0.83,0.99
2023-5-20 12:00 AM,4.1,4.66,4.13,3160,2.77,19.42,5.44,3.41,2.66,62.58,0.73,0.27,1.6,2.56,56.7,2,1.3,10.9,2.2,0.38,18.6,38.1,5.9,0.2,6.1,9.4,3.5,0.8,1.5,0.2,1.8,109,245,119,164,311,369,453,0.12,0.67,0.8,0.99
2023-5-21 12:00 AM,4.1,4.65,3.65,3190,2.79,19.51,5.43,3.47,2.66,62.43,0.73,0.28,1.6,2.43,58.1,1.9,1.4,11.4,2.5,0.2,16.1,42,5.2,0,5.2,10.3,3,1.3,1.3,0.1,0.1,110,246,140,158,299,369,438,0.42,1.12,0.71,0.77
2023-5-22 12:00 AM,4.1,4.54,3.15,3200,2.81,19.38,5.51,3.42,2.75,62.46,0.75,0.28,1.54,2.5,57.1,2.1,1.4,10.8,2.3,0.3,17.8,39.4,5.7,0.1,5.8,9.7,2.8,1.6,1.5,0.2,1,114,240,136,175,308,395,469,0.36,1.05,0.71,0.78
2023-5-23 12:00 AM,4.1,4.41,3.63,3100,2.97,18.91,5.57,3.28,2.78,62.29,0.81,0.27,1.61,2.31,58.6,2,1.5,9.3,2.4,0.33,16.3,42.2,6.4,0,6.4,9.7,2.2,2.3,1.6,0.1,0,120,244,144,175,309,404,477,0.29,0.96,0.59,0.75
2023-5-24 12:00 AM,4.1,4.14,4.62,3190,2.85,19.08,5.69,3.19,2.83,62.28,0.82,0.28,1.54,2.38,58.5,2.2,1.3,9.2,2.4,0.26,20,38.5,7.7,0.1,7.8,8.7,2.3,2,1.8,0.2,0,118,252,134,162,299,386,467,0.45,1.33,0.59,0.84
2023-5-25 12:00 AM,4.1,4.24,3.84,3140,2.92,18.96,5.61,3.28,2.76,62.18,0.81,0.29,1.54,2.17,58.8,2.1,1.5,9.2,2.2,0.14,20.1,38.8,6.9,0,7,9.2,1.5,2.7,1.5,0.2,1.1,119,244,140,175,315,397,474,0.41,0.98,0.45,0.91
2023-5-26 12:00 AM,4.1,4.29,4.66,3170,2.95,18.87,5.65,3.21,2.81,62.29,0.81,0.3,1.53,2.33,57.7,2.1,1.5,9.1,2.8,0.3,19.3,38.3,7.2,0,7.2,8.3,2,2.5,1.7,0.2,1.2,111,243,132,176,304,382,446,0.26,0.96,0.54,0.86
2023-5-27 12:00 AM,4.1,3.99,4.12,3210,2.92,18.75,5.72,3.17,2.89,61.97,0.82,0.3,1.62,2.24,57.7,1.9,1.5,9.6,2.6,0.33,19.6,38.2,7.9,0,7.9,8,1.1,3.2,1.8,0.2,1,107,242,133,174,303,384,452,0.39,1.12,0.43,0.93
2023-5-28 12:00 AM,9,3.67,4.94,3200,2.85,19,5.77,3.14,2.91,61.95,0.82,0.29,2.93,2.41,57.1,1.8,1.5,11.4,2.6,0.17,19.2,38,8.1,0.1,8.2,8,2.1,1.9,1.9,0.2,0,107,242,135,176,318,401,488,0.13,0.74,0.58,1.02
2023-5-29 12:00 AM,4.1,3.94,4.63,3161,2.86,18.81,5.79,3.09,2.9,61.83,0.82,0.29,1.64,2.33,55.8,1.8,1.5,11,2.3,0.17,19.5,36.3,8.5,0,8.5,7.6,2.1,1.9,1.7,0.2,1.9,109,244,145,171,316,397,476,,,0.56,0.82
2023-5-30 12:00 AM,4.1,3.8,4.35,3190,2.8,18.77,5.84,3.01,2.9,61.95,0.83,0.3,1.57,2.29,55.5,2,1.4,12.3,2.3,0.27,20,35.6,9.3,0,9.3,6.7,1.9,1.9,1.9,0.2,1.6,109,243,133,169,313,390,461,0.15,0.78,0.51,0.92
2023-5-31 12:00 AM,4.1,3.7,4.03,3170,2.82,18.95,5.81,3,2.88,62.39,0.83,0.3,1.61,2.37,57.7,1.9,1.5,10.1,2.2,0.24,19.3,38.3,9.1,0,9.1,6.8,1.8,2.2,1.6,0.2,1.3,118,245,127,183,328,411,481,0.16,0.73,0.55,0.82
2023-6-1 12:00 AM,4.1,3.76,4.85,3110,2.86,18.76,5.78,3.07,2.84,62.22,0.83,0.29,1.64,2.34,55.6,2,1.6,10.6,2.7,0.21,19.2,36.4,9,0,9,7.1,2,2.2,1.7,0.3,1.6,118,238,137,171,322,417,464,0.18,0.8,0.53,0.78
2023-6-2 12:00 AM,4.1,3.98,4.76,3110,2.82,18.86,5.86,3.1,2.91,62.06,0.85,0.3,1.62,2.33,55.7,1.7,1.5,10.2,2.3,0.36,18.2,37.4,8.9,0,8.9,7.3,2,2.1,1.7,0.2,2.1,118,245,126,175,316,408,460,0.17,0.82,0.57,0.85
2023-6-3 12:00 AM,4.1,3.95,3.93,3180,2.83,18.88,5.8,3.2,2.87,62.09,0.83,0.3,1.59,2.34,56.6,1.8,1.3,11,2.4,0.28,19.2,37.4,8.1,0,8.1,8.1,1.8,2.3,1.6,0.2,1.5,118,250,120,174,304,380,435,0.15,0.69,0.51,0.88
2023-6-4 12:00 AM,4.1,3.93,3.91,3230,2.82,18.98,5.79,3.23,2.85,61.86,0.84,0.31,1.59,2.31,56.8,1.6,1.4,9.6,2.6,0.19,19.4,37.4,7.4,0.3,7.7,8.5,2.2,1.9,1.7,0.3,2.1,118,257,125,164,302,381,466,0.11,0.44,0.55,0.76
2023-6-5 12:00 AM,4.1,4.26,5.1,3130,2.89,18.84,5.74,3.2,2.82,62.22,0.83,0.32,1.59,2.45,56.5,1.8,1.5,10.9,2.5,0.23,19.7,36.8,7,0.1,7.1,8.4,2.4,1.4,1.8,0.2,2.1,116,248,138,171,305,383,460,0.42,1.16,0.63,0.81
2023-6-6 12:00 AM,4.1,4.06,4.36,3180,2.83,18.93,5.76,3.24,2.81,62.15,0.82,0.32,1.63,2.27,57.4,2.1,1.6,11,2.3,0.16,21.4,36,7.8,0,7.8,8.9,2,2.4,1.7,0.2,0.1,117,252,136,173,321,395,469,0.16,0.72,0.5,0.89
2023-6-7 12:00 AM,4.1,4.13,4.29,3120,2.81,19.01,5.65,3.42,2.78,62.18,0.8,0.31,1.63,2.36,58.8,1.8,1.5,9.8,2.5,0.4,21.3,37.5,6.1,0,6.1,10,2.1,2.1,1.6,0.2,0,119,249,143,180,319,388,488,0.16,0.71,0.37,0.87
2023-6-8 12:00 AM,4.1,4.01,3.86,3150,3,19.12,5.67,3.44,2.78,61.8,0.8,0.31,1.61,2.41,58,1.9,1.5,11.3,2.4,0.23,20.8,37.2,6,0,6,10,2.1,2.1,1.5,0.3,0,116,250,143,185,320,391,484,0.17,0.75,0.58,0.93
2023-6-9 12:00 AM,4.1,3.83,4.08,3170,2.85,19.2,5.61,3.45,2.78,61.77,0.79,0.3,1.61,2.28,58.5,1.7,1.5,10.3,2.5,0.15,19.5,39,6.2,0,6.2,10.2,1.9,1.9,1.6,0.3,0,120,249,159,168,296,392,472,0.14,0.74,0.52,1.01
2023-6-10 12:00 AM,4.1,3.87,4.6,3140,2.81,19.18,5.59,3.49,2.76,61.96,0.78,0.29,1.56,2.38,57.9,1.7,1.4,10.9,2.6,0.17,21,36.9,5.9,0,5.9,10.3,1.8,1.9,1.7,0.2,0,117,247,141,171,306,398,459,0.17,0.83,0.55,0.98
2023-6-11 12:00 AM,4.1,3.91,4.14,3130,2.82,19.11,5.6,3.53,2.75,61.97,0.78,0.29,1.56,2.23,56.7,1.8,1.4,12.7,2.3,0.1,20.4,36.3,5.8,0,5.8,10.3,1.5,2.2,1.6,0.2,0.1,118,242,149,168,293,386,465,0.15,0.79,0.52,0.91
2023-6-12 12:00 AM,4.1,3.77,4.36,3210,2.76,19.13,5.63,3.62,2.75,62.08,0.76,0.28,1.53,3.12,58.6,2,1.3,9.2,3.8,0.23,14.8,43.8,5.9,0,6,10.4,1.4,0.2,2.3,0.3,1,115,247,143,155,295,393,481,0.16,0.85,0.57,1.49
2023-6-13 12:00 AM,4.1,4.14,4.24,3130,2.78,19.13,5.57,3.52,2.74,61.98,0.76,0.28,2.33,2.35,57.9,2,1.4,11.1,2.5,0.25,19.4,38.5,6,0.2,6.2,10.3,2.2,1.6,1.8,0.1,0.1,115,248,145,156,295,381,476,0.17,0.76,0.58,0.96
2023-6-14 12:00 AM,4.1,4.3,3.69,3280,2.79,19.17,5.63,3.46,2.8,62.43,0.77,0.28,1.59,2.39,58.3,2,1.2,11,2.5,0.22,18.3,39.9,6.4,0.2,6.6,9.8,1.7,1.9,1.7,0.1,0,117,240,145,167,298,402,487,0.47,1.14,0.54,1.02
2023-6-15 12:00 AM,4.1,4.24,4.42,3130,2.79,19.21,5.53,3.54,2.77,62.42,0.75,0.26,1.65,2.35,58.2,1.9,1.2,10.6,2.3,0.21,18.3,39.9,5.5,0.2,5.7,10.4,1.8,2.2,1.8,0.2,1.1,120,252,150,159,294,398,484,0.48,1.15,0.56,0.98
2023-6-16 12:00 AM,4.1,4.19,3.93,3200,2.81,19.24,5.61,3.45,2.85,61.99,0.78,0.28,1.61,2.3,58.3,2,1.4,9.9,2.6,0.17,18.6,39.7,6.2,0.4,6.6,9.6,2.2,1.8,1.8,0.3,0,119,252,148,159,297,399,488,0.14,0.65,0.59,1.04
2023-6-17 12:00 AM,4.1,4.15,4.07,3160,2.86,19.34,5.61,3.57,2.85,62.17,0.77,0.28,1.53,2.27,58.6,1.9,1.4,10,2.2,0.16,20.4,38.2,6.2,0.1,6.3,10.3,2.4,1.3,1.7,0.2,0.5,117,258,152,160,298,387,453,0.15,0.75,0.62,1.35
2023-6-18 12:00 AM,4.1,4.15,3.7,3210,2.76,19.59,5.56,3.71,2.94,62.12,0.75,0.27,1.53,2.19,56.9,2.1,1.3,12.3,2.1,0.26,18.9,38,5.3,0.4,5.8,10.2,1.9,2,2.1,0.1,0,118,255,144,167,307,403,479,0.14,0.72,0.56,1.44
2023-6-19 12:00 AM,4.1,4.15,4.06,3120,2.75,19.25,5.56,3.54,2.84,62.08,0.75,0.27,1.46,2.31,57.1,2.2,1.2,13.1,2,0.15,18.9,38.2,6.1,0.1,6.2,10.1,2.4,1.3,1.7,0.1,0.2,113,250,154,147,282,404,459,0.17,0.75,0.61,1.09
2023-6-20 12:00 AM,4.1,4.33,4.2,3130,2.81,19.18,5.53,3.51,2.82,62.17,0.76,0.27,1.5,2.35,58.2,2.2,1.2,10.6,2.4,0.28,18.7,39.6,5.9,0.5,6.4,10,1.9,2.2,1.8,0.2,0.1,120,259,148,158,286,400,472,0.11,0.62,0.54,1
2023-6-21 12:00 AM,4.1,4.21,4.48,3090,2.79,19.47,5.47,3.71,2.78,62.55,0.73,0.26,1.6,2.73,58.5,2.1,1.1,10.5,2.3,0.23,20.3,38.2,4.9,0.6,5.5,10.4,2,2,1.7,0.2,0.8,118,245,148,166,304,407,483,0.21,0.88,0.85,1.05
2023-6-22 12:00 AM,4.1,4.27,3.46,3150,2.71,19.54,5.43,3.73,2.69,62.6,0.73,0.26,1.53,2.37,57.9,1.8,1.2,12.6,2.2,0.22,18.8,39.1,4.8,0.3,5.2,10.6,1.9,1.6,1.6,0.2,0.1,116,245,152,171,315,409,479,0.15,0.67,0.58,0.99
2023-6-23 12:00 AM,4.1,4.32,3.56,3080,2.76,19.41,5.44,3.84,2.64,62.38,0.73,0.26,1.59,2.43,56.3,1.8,1.2,12.7,2.5,0.21,18.6,37.7,4.7,0.3,5,10.6,2,1.5,1.5,0.3,1,120,258,151,149,272,391,477,0.14,0.69,0.61,1.03
2023-6-24 12:00 AM,4.1,4.19,3.41,3200,2.83,19.32,5.36,3.93,2.62,61.98,0.7,0.24,1.64,2.5,56.8,1.9,1.3,10.2,2.7,0.19,19.2,37.6,5.2,0.5,5.7,9.9,2.4,1.8,1.5,0.3,1.5,115,247,147,155,272,410,489,0.14,0.64,0.66,1.29
2023-6-25 12:00 AM,4.1,4.36,4.36,3140,2.83,19.64,5.45,3.96,2.71,62.4,0.71,0.25,1.64,2.36,54.7,1.7,1.2,14.6,2.6,0.18,13.4,41.3,3.8,0.3,4.1,12.3,2.1,2.1,1.5,0.2,0.1,116,262,164,144,295,374,475,0.79,1.78,0.57,0.97
2023-6-26 12:00 AM,4.1,4.49,4.08,3160,2.82,19.34,5.48,3.76,2.72,62.13,0.72,0.26,1.6,2.5,54.9,1.9,1.3,13.6,2.6,0.18,17,37.9,4.5,0.2,4.7,10.9,2.2,1.8,1.6,0.2,1.3,118,252,157,148,288,383,482,0.63,1.68,0.58,1.16
2023-6-27 12:00 AM,4.1,4.38,4.26,3190,2.83,19.6,5.49,3.77,2.73,62.13,0.73,0.26,1.71,2.68,54.4,1.8,1.2,13.8,2.6,0.14,17.4,37,4.7,0.4,5.1,10.9,2.2,1.9,1.6,0.3,1.3,120,246,156,165,302,417,493,0.94,2.08,0.74,1.01
2023-6-28 12:00 AM,4.1,4.35,4.08,3140,2.79,19.41,5.44,3.85,2.69,61.9,0.71,0.25,1.66,2.34,53.9,1.8,1.2,15.4,2.6,0.19,18.4,35.4,4.3,0.3,4.7,11,1.7,2.3,1.5,0.3,1.1,119,245,143,159,288,394,478,0.82,1.96,0.5,0.99
2023-6-29 12:00 AM,4.1,4.17,4.18,3150,2.91,19.29,5.5,3.78,2.74,62.25,0.73,0.26,1.66,2.42,56.4,2,1.4,12.3,2.8,0.16,18.4,38,5,0.5,5.5,10.8,2.5,2,1.6,0.1,0,115,245,126,164,296,419,469,0.94,2.03,0.56,1.1
2023-6-30 12:00 AM,4.1,4.11,4.17,3160,2.79,19,5.52,3.47,2.71,62.43,0.76,0.26,1.64,2.49,57.3,1.9,1.2,11.8,2.5,0.36,19,38.2,4.3,0.5,4.8,11.1,2.5,1.7,1.6,0.2,0.1,120,245,140,174,292,409,470,0.91,2.38,0.68,1.09
2023-7-1 12:00 AM,4.1,4.18,3.84,3140,2.88,19.09,5.46,3.6,2.7,62.22,0.75,0.26,1.62,2.51,57.6,1.8,1.3,11.1,2.7,0.32,16.5,41.1,5.1,0.1,5.2,10.6,2.5,1.8,1.6,0.2,0.1,117,249,139,156,297,391,478,0.48,1.17,0.62,0.94
2023-7-2 12:00 AM,4.1,3.8,3.21,3220,2.82,19.59,5.57,3.62,2.78,62.32,0.76,0.28,1.62,2.51,57.9,2,1.3,9.7,2.7,0.26,18.2,39.7,5,0.2,5.3,10.1,2,1.8,1.6,0.2,1.9,121,261,131,168,311,401,480,0.53,1.16,0.56,1.08
2023-7-3 12:00 AM,4.3,4.01,3.2,3130,2.72,19.02,5.48,3.82,2.74,62.54,0.72,0.26,1.68,2.64,58.1,2,1.1,11.5,2.6,0.35,18.3,39.8,4.3,0.2,4.6,11.4,1.8,1.9,1.5,0.2,0,120,247,152,166,315,421,485,0.36,0.95,0.78,0.85
2023-7-4 12:00 AM,4.3,4.18,3.73,3160,2.76,19.07,5.45,3.7,2.7,62.65,0.74,0.27,1.68,2.58,58.2,1.8,1.2,10.5,2.7,0.37,16.2,42,4.8,0.5,5.4,11,2,1.6,1.7,0.3,0,117,244,142,152,277,362,446,0.61,0.92,0.81,1.18
2023-7-5 12:00 AM,4.3,4.27,3.16,3250,2.79,19.04,5.48,3.68,2.67,62.57,0.73,0.27,1.8,2.76,58,1.8,1.3,9.2,3,0.48,16.9,41.1,4.8,0.8,5.6,10.4,2.2,1.8,1.5,0.3,1,120,247,135,160,291,385,484,0.38,0.95,0.36,1.34
2023-7-6 12:00 AM,4.3,4.2,3.4,3150,2.71,18.88,5.46,3.6,2.65,62.42,0.73,0.27,1.8,2.64,62.1,1,1.2,7.6,2.7,0.56,18.5,43.6,5.2,0.4,5.6,11,2.3,1.6,1.9,0.2,0.5,118,249,146,165,311,399,475,0.34,0.97,0.6,0.78
2023-7-7 12:00 AM,4.3,4.32,3.8,3200,2.78,19.18,5.51,3.58,2.73,62.53,0.75,0.28,1.8,2.53,60.3,1.1,1.3,9.1,3.1,0.29,17.7,42.5,5.4,0.2,5.6,11.4,2.1,1.8,1.8,0.3,0.1,118,250,136,169,306,383,481,0.5,0.75,0.59,0.99
2023-7-8 12:00 AM,4.3,4.27,3.88,3150,2.88,18.9,5.52,3.47,2.75,61.83,0.78,0.28,1.75,2.54,60.5,1,1.4,8,3.1,0.21,18.7,41.8,6,0.2,6.2,10.6,2.2,1.9,1.9,0.1,1.2,119,255,145,165,311,404,474,0.39,0.81,0.56,1.2
2023-7-9 12:00 AM,4.3,4.25,4.05,3070,2.84,19,5.52,3.55,2.75,62.48,0.76,0.28,1.75,2.57,59.3,1,1.4,9.4,2.9,0.37,20.4,38.9,5.5,0.4,5.9,10.9,2,1.9,1.8,0.2,0.6,116,249,159,157,284,399,466,0.15,0.8,0.58,1.03
2023-7-10 12:00 AM,4.3,4.3,3.78,3070,2.86,18.99,5.49,3.57,2.74,62.25,0.76,0.27,1.78,2.55,59.9,0.9,1.2,9.4,3,0.25,19.1,40.7,5.5,0.2,5.8,11,2.7,1.2,1.9,0.2,1.1,115,242,147,156,283,382,438,0.17,0.76,0.64,1.17
2023-7-11 12:00 AM,4.3,4.25,3.46,3180,2.81,19.13,5.54,3.53,2.78,62.39,0.76,0.27,1.72,2.59,59.7,1.3,1.4,9.5,3,0.34,17.8,41.9,5.7,0.3,6,10.8,2.2,1.4,1.8,0.2,0.3,117,251,134,172,319,408,481,0.15,0.79,0.65,0.97
2023-7-12 12:00 AM,4.3,4.38,3.2,3170,2.81,19.14,5.55,3.63,2.79,62.4,0.75,0.27,1.76,2.51,59.3,1,1.3,11,2.8,0.16,18.5,40.8,5.5,0,5.5,11.7,2.2,1.5,1.9,0.2,0,115,246,143,168,316,420,502,0.17,0.69,0.6,1.05
2023-7-13 12:00 AM,4.3,4.43,3.64,3150,2.89,19.21,5.55,3.63,2.8,62.39,0.77,0.28,1.73,2.53,57.5,1,1.4,10.7,2.9,0.2,17.8,39.7,5.6,0.2,5.8,11.1,2.8,1.1,2,0.2,1.2,113,245,142,171,326,411,500,0.16,0.8,0.64,0.89
2023-7-14 12:00 AM,4.3,4.43,4.36,3160,2.79,19.17,5.68,3.41,2.87,62.33,0.78,0.28,1.7,2.42,60.9,0.9,1.2,9.4,2.6,0.24,20.6,40.3,6.5,0.1,6.6,10.2,2,1.7,1.8,0.2,0.9,116,249,137,174,309,411,494,0.15,0.78,0.56,0.92
2023-7-15 12:00 AM,4.3,4.49,3.98,3100,2.88,18.99,5.66,3.37,2.84,62.34,0.79,0.28,1.68,2.59,59.9,0.9,1.4,9.4,3,0.24,19.5,40.4,6.6,0.2,6.8,10.1,2.3,1.7,1.9,0.2,0.4,118,246,139,165,309,393,468,0.13,0.72,0.63,0.96
2023-7-16 12:00 AM,4.3,4.39,3.93,3120,2.82,18.99,5.7,3.32,2.89,62.57,0.78,0.27,1.68,2.51,60.7,1.2,1.2,8.7,2.9,0.2,17.8,42.9,7,0.5,7.5,9.9,2,1.8,2,0.2,0.4,118,246,139,155,292,383,480,0.54,1.29,0.58,0.85
2023-7-17 12:00 AM,4.3,4.33,3.58,3140,2.78,19.42,6,3.27,3.05,62.63,0.8,0.28,1.74,2.5,58.5,1.5,1.1,9.5,2.7,0.24,18.3,40.2,7.8,0.8,8.5,9,2,2.3,2,0.3,0.5,126,249,142,171,322,418,501,0.51,1.42,0.55,0.9
2023-7-18 12:00 AM,4.3,4.5,3.72,3190,2.77,19.45,6,3.25,3.06,62.97,0.79,0.28,1.78,2.47,58.8,1,1,9.2,3.1,0.25,18.1,40.7,7.9,0.5,8.4,9,1.4,2.8,2.2,0.2,0.8,118,246,138,165,319,401,463,0.56,1.44,0.46,0.76
2023-7-19 12:00 AM,4.3,4.51,4.67,3180,2.76,19.41,5.89,3.13,2.92,62.8,0.77,0.28,1.84,2.37,60.4,1.1,1.2,9.3,2.7,0.39,20.6,39.9,8,0.5,8.5,8.5,2.2,1.6,1.6,0.2,0.5,120,243,135,153,306,400,467,0.92,1.78,0.56,1.05
2023-7-20 12:00 AM,4.3,4.59,4.46,3150,2.82,19.45,5.99,3.27,2.97,62.41,0.79,0.3,1.67,2.35,59.4,0.9,1.3,8.7,2.8,0.18,19.5,39.9,8,0.6,8.6,8.9,1.8,2.5,2.1,0.2,0.6,118,246,146,168,323,397,497,0.83,1.97,0.5,1
2023-7-21 12:00 AM,4.3,4.61,4.78,3160,2.82,19.49,6.02,3.25,3,62.35,0.8,0.3,1.67,2.36,60.1,1.3,1.2,8.4,2.6,0.26,20.2,39.9,7.9,0.5,8.4,9.4,1.9,2.1,1.9,0.2,0.3,120,262,145,152,301,393,482,0.93,2.02,0.57,1.08
2023-7-22 12:00 AM,4.3,4.63,4.28,3170,2.92,19.62,6.1,3.28,3.04,62.03,0.83,0.31,1.64,2.35,58.24,0.97,1.09,10.84,2.65,0.17,,,7.18,0.24,7.42,9.32,2.41,1.84,1.9,0.29,,115,249,140,156,302,386,461,0.71,1.96,0.57,1.12
2023-7-23 12:00 AM,4.3,4.52,4.05,3220,2.72,19.18,5.9,3.34,2.96,61.76,0.78,0.3,1.64,2.32,58.3,1,1.4,9.8,2.5,0.24,18.9,39.3,7.6,0.2,7.7,8.6,2.2,2,2,0.3,1.8,114,249,133,151,285,373,446,0.48,0.89,0.55,1.24
2023-7-24 12:00 AM,4.3,4.73,4.14,3160,2.79,19.08,5.98,3.23,2.99,61.83,0.8,0.31,1.58,2.35,57.8,1.1,1.6,9.5,2.4,0.15,19,38.8,8.1,0,8.2,8.6,2.5,1.6,2.1,0.3,1.7,115,250,138,156,304,387,455,0.37,1.09,0.64,1.05
2023-7-25 12:00 AM,4.3,4.76,4.37,3200,2.71,19.01,5.81,3.23,2.9,61.97,0.79,0.28,1.55,2.55,57.8,1.2,1.2,9.8,2.8,0.32,19.8,38,8.6,0.3,8.9,8.4,2.5,1.5,1.9,0.3,1.5,116,230,136,168,314,416,483,0.51,1.2,0.65,1.05
2023-7-26 12:00 AM,4.3,4.62,3.82,3200,2.77,18.94,5.8,3.32,2.88,62.39,0.79,0.28,1.69,2.56,59.4,1.3,1.3,8.9,2.6,0.36,21.5,37.8,8.2,0.5,8.7,9,2.8,1.6,1.7,0.4,0.5,113,239,132,172,314,397,496,0.46,0.92,0.66,0.92
2023-7-27 12:00 AM,4.3,4.63,3.84,3190,2.81,19.19,5.67,3.52,2.82,62.02,0.77,0.28,1.72,2.62,59.6,1.2,1.4,9.3,2.7,0.32,19.8,39.7,6.4,0.6,7,10,3.5,0.8,1.9,0.3,0.5,112,245,133,172,315,399,471,0.16,0.83,0.77,1.09
2023-7-28 12:00 AM,4.3,4.63,4.62,3160,2.78,19.42,5.83,3.39,2.85,62.08,0.78,0.29,1.72,2.49,58.5,1,1.3,9.1,2.3,0.36,19.4,39.1,7.6,0.1,7.7,8.8,3.2,0.9,1.9,0.3,2,108,246,125,174,307,374,461,0.18,0.88,0.76,1.15
2023-7-31 12:00 AM,4.3,4.57,4.73,3140,2.9,19.36,5.91,3.36,2.85,61.8,0.8,0.3,1.51,2.51,58.2,0.9,1.4,9.5,2.5,0.31,20.3,37.9,7.5,0.1,7.6,9.1,3.6,0.6,2,0.3,1.8,114,241,128,170,302,379,460,0.18,0.91,0.82,1.28
2023-8-1 12:00 AM,4.3,4.63,4.5,3170,2.97,19.19,5.85,3.31,2.83,61.78,0.81,0.3,1.51,2.58,55.8,1,1.5,10.4,2.4,0.18,20.2,35.6,7.7,0,7.8,8.1,3.6,0.9,1.9,0.4,2.3,110,240,130,165,306,389,444,0.25,0.88,0.85,1.28
2023-8-2 12:00 AM,4.3,4.44,4.17,3160,2.81,18.97,5.75,3.24,2.85,62,0.82,0.29,1.5,2.56,58.4,1.1,1.4,9.5,3.1,0.42,21.4,37,8.5,0.1,8.6,8.5,3.3,0.6,1.6,0.3,1.5,115,244,120,161,302,372,457,0.19,0.9,0.72,1.24
2023-8-3 12:00 AM,4.3,4.6,4.86,3170,2.77,19.28,5.76,3.24,2.88,62.56,0.81,0.29,1.66,2.58,58.8,1.1,1.5,8.9,2.4,0.39,16.8,42.1,7.4,0.4,7.8,8.8,3,1.3,1.9,0.4,1.4,115,247,119,171,314,398,484,0.2,1.09,0.76,1.31
2023-8-4 12:00 AM,4.3,4.69,4.03,3180,2.76,19.17,5.73,3.32,2.84,62.24,0.8,0.28,1.63,2.52,58.1,1,1.4,9.2,2.5,0.29,20.4,37.7,7.3,0.1,7.4,9.1,2.8,1.7,1.8,0.3,1.8,113,240,128,170,313,382,483,0.17,0.82,0.65,1.29
2023-8-5 12:00 AM,4.3,4.72,4.66,3160,2.67,19.26,5.82,3.3,2.91,62.61,0.79,0.28,1.67,2.5,59,1.3,1.1,9,2.4,0.41,17.5,41.4,7.8,0.6,8.4,8.7,2.8,1.7,1.9,0.3,1.4,108,246,125,168,312,398,481,0.17,0.82,0.64,0.99
2023-8-6 12:00 AM,4.3,4.75,4.02,3130,2.73,19.08,5.73,3.41,2.85,62.09,0.77,0.27,1.67,2.69,58.1,1.2,1.3,9.2,3,0.41,19.1,38.9,7.4,0.5,8,9.5,3.2,0.7,1.7,0.4,1.5,110,245,122,173,316,393,470,0.88,1.96,0.78,1.17
2023-8-7 12:00 AM,4.3,5.17,4.25,3120,2.71,19,5.81,3.47,2.9,62.2,0.77,0.28,1.7,2.46,59.1,1.3,1.2,8.1,2.4,0.37,15.9,43.2,7.4,0.6,7.9,9.2,3.1,1.3,1.9,0.4,1.6,114,244,131,161,306,380,457,0.94,2.13,0.73,1.19
2023-8-8 12:00 AM,4.3,4.85,4.53,3140,2.76,19.2,5.84,3.45,2.88,62.36,0.78,0.28,1.54,2.3,58.1,2.1,1.3,9.6,2.4,0.36,19.4,38.7,7.9,0.5,8.4,9,2.3,2.3,1.7,0.3,0.1,117,245,129,169,304,387,462,0.91,2.16,0.62,1.24
2023-8-9 12:00 AM,4.3,4.85,4.38,3160,2.9,18.92,5.79,3.37,2.88,61.95,0.77,0.28,1.52,2.33,56.7,2,1.3,8.7,2.5,0.4,17.8,38.9,7.9,0.7,8.6,8,2.3,2.5,1.7,0.3,1.7,116,241,132,164,303,383,472,0.86,2.15,0.59,1.18
2023-8-10 12:00 AM,4.3,4.68,4.11,3120,2.79,19.13,5.78,3.36,2.83,62.24,0.79,0.28,1.54,2.38,56.4,1.9,1.1,11,2.1,0.33,19,37.4,7.6,0.5,8.1,8.3,2.3,2.1,1.7,0.3,1.2,116,237,128,158,299,378,458,0.74,2.03,0.63,1.29
2023-8-11 12:00 AM,4.3,4.71,4.68,3210,2.81,19.01,5.81,3.34,2.81,62.12,0.82,0.28,1.55,2.56,54.8,2,1.2,10.7,2.3,0.43,19.3,35.6,7.9,0.6,8.5,7.6,2.6,2,1.8,0.3,2.2,117,250,123,158,308,384,446,0.98,2.39,0.69,1.12
2023-8-12 12:00 AM,4.3,4.61,4.72,3210,2.83,19,5.77,3.31,2.76,62.53,0.81,0.27,1.62,2.42,57.1,2,1.3,10.9,2.3,0.54,18.3,38.8,8.1,0.5,8.6,8,2.4,1.9,1.6,0.4,0,118,240,127,164,291,365,443,0.93,2.34,0.62,1.11
2023-8-13 12:00 AM,4.3,4.76,4.37,3100,2.79,18.93,5.73,3.31,2.74,62.12,0.81,0.28,1.62,2.54,56.9,2.2,1.2,10.2,2.5,0.39,15,41.8,8,0.2,8.2,8.7,2.9,1.6,1.4,0.2,0,116,239,133,158,287,357,433,0.41,0.98,0.68,1.25
2023-8-14 12:00 AM,4.3,4.62,5.46,3145,2.8,18.93,5.71,3.35,2.71,62.13,0.8,0.28,1.67,2.66,56.4,2,1.2,11.3,2.7,0.34,18.6,37.8,7.4,0.6,8,8.4,2.6,1.6,1.6,0.2,0,117,247,144,160,300,379,461,0.58,1.22,0.69,1.31
2023-8-15 12:00 AM,4.3,4.9,3.9,3090,2.78,18.91,5.66,3.35,2.7,61.97,0.76,0.27,1.78,2.68,56,1.8,1.1,10.7,2.6,0.3,18.9,37.1,7.2,0.8,8,8.6,2.8,1.7,1.7,0.2,1.1,112,241,138,161,303,384,467,0.4,0.98,0.72,1.29
2023-8-16 12:00 AM,4.3,4.83,4.37,3210,2.76,18.83,5.61,3.29,2.78,62.16,0.76,0.26,1.74,2.79,57.1,2.3,1.2,9.9,2.6,0.35,18.6,38.4,7.7,0.7,8.4,8.3,3.4,0.8,1.6,0.2,0.7,113,244,112,159,297,379,451,0.53,1.02,0.82,0.92
2023-8-17 12:00 AM,4.3,4.76,4.22,3120,2.78,19.29,5.6,3.32,2.69,62.39,0.74,0.27,1.76,2.76,56.8,1.8,1.3,11.9,2.6,0.31,19.9,36.9,5.8,0.6,6.4,9.4,3.4,0.8,1.5,0.2,0.1,108,242,133,164,293,372,440,0.39,1.23,0.81,1.02
2023-8-18 12:00 AM,4.3,4.78,4.28,3130,2.75,19.25,5.5,3.32,2.6,62.83,0.72,0.26,1.74,2.72,56.8,2.3,1.2,11.7,2.8,0.31,17.9,38.8,5.8,0,5.8,10.4,3.3,1,1.4,0.1,0,110,243,134,150,273,356,421,0.42,1.05,0.75,1.05
2023-8-19 12:00 AM,4.3,5,3.92,3140,2.82,19.1,5.5,3.33,2.58,62.2,0.71,0.25,1.75,2.78,57.5,2.4,1.2,9.5,2.8,0.38,13.8,43.7,6,0.5,6.5,10.5,3.6,1.2,1.2,0.1,0.1,116,246,133,166,293,384,458,0.41,0.95,0.8,0.84
2023-8-20 12:00 AM,4.3,4.88,3.42,3270,2.86,19.07,5.5,3.23,2.63,62.6,0.73,0.25,1.75,2.99,55.6,2.1,1.2,11,3,0.59,18.5,37.1,6.7,0.5,7.2,8.8,3.5,1.4,1.5,0.2,0.1,113,237,115,168,296,377,460,0.14,0.74,0.83,0.83
2023-8-21 12:00 AM,4.3,4.98,3.67,3180,2.87,19.05,5.54,3.27,2.65,62.37,0.74,0.25,1.98,2.74,57,1.9,1.2,11.2,2.7,0.31,18.5,38.5,6.6,0.4,7,9.1,3.3,0.9,1.5,0.3,0,113,260,121,157,296,387,453,0.18,0.87,0.81,1.01
2023-8-22 12:00 AM,1.98,4.82,3.37,3200,2.82,19.38,5.57,3.31,2.68,62.61,0.73,0.25,1.75,1.75,57.7,1.9,1.1,12.1,1.1,0.35,16.7,41,6.3,0.3,6.7,9.5,3.2,1.3,1.5,0.1,0.1,113,238,124,170,291,397,457,0.14,0.77,0.78,0.51
2023-8-23 12:00 AM,3.9,4.87,3.89,3200,2.83,19.14,5.54,3.32,2.66,62.67,0.74,0.26,0.79,2.7,57.4,2.1,1.2,10.9,2.4,0.27,18.8,38.6,6.4,0.6,7,9.2,3.8,1,1.5,0.1,0.1,112,240,119,151,291,362,420,0.15,0.71,0.81,0.95
2023-8-24 12:00 AM,4.3,4.72,3.92,3130,2.71,19.1,5.58,3.33,2.71,62.29,0.75,0.27,1.68,2.7,57,2,1.2,11.3,3,0.33,17.7,39.3,6.6,0.5,7.1,9.2,3.2,0.9,1.6,0.2,0.1,111,255,135,166,301,386,428,0.15,0.81,0.76,0.97
2023-8-25 12:00 AM,4.3,4.91,4.13,3130,2.79,19.18,5.5,3.44,2.7,62.61,0.76,0.26,1.74,2.61,56.5,1.9,1.1,11.4,2.5,0.23,19.4,37.1,5.8,0.4,6.3,9.4,2.6,1.9,1.6,0.3,1.1,117,238,134,157,285,377,455,0.16,0.77,0.69,1.02
2023-8-26 12:00 AM,4.3,4.78,4.02,3140,2.83,19.09,5.49,3.48,2.7,62.34,0.75,0.25,1.74,2.8,57.5,1.9,1.3,10.4,2.9,0.14,19.1,38.4,5.9,0.6,6.5,9.8,3.2,1.7,1.5,0.3,0.1,115,254,140,164,290,388,442,0.16,0.82,0.74,1.08
2023-8-27 12:00 AM,4.3,4.88,3.71,3150,2.79,19.06,5.49,3.55,2.67,62.22,0.73,0.26,1.74,2.56,56.1,1.9,1.2,11.6,2.5,0.22,17,39.1,5.2,0.2,5.4,10,2.4,1.9,1.6,0.2,1.7,119,250,143,151,280,357,436,0.59,1.41,0.62,1.07
2023-8-28 12:00 AM,4.3,4.82,4.27,3120,2.77,18.96,5.6,3.45,2.75,61.97,0.75,0.27,1.75,2.66,56.8,2.2,1.3,9.9,2.8,0.17,19.9,36.9,6.8,0.5,7.3,9.3,3.1,1.7,1.7,0.2,0.6,114,247,138,158,298,394,467,0.88,1.92,0.7,1.31
2023-8-29 12:00 AM,4.3,4.88,3.93,3170,2.76,19.15,5.57,3.42,2.78,62.23,0.76,0.27,1.74,2.49,56.7,2,1.3,10,2.6,0.28,17.6,39.1,6.2,0.4,6.6,9.2,2.4,2.1,1.5,0.3,1.4,113,252,147,155,286,376,450,0.94,1.87,0.63,1.1
2023-8-30 12:00 AM,4.3,4.92,3.78,3140,2.82,19.28,5.61,3.44,2.79,62.39,0.76,0.28,1.74,2.5,56.5,1.8,1.3,11.1,3.1,0.16,17.5,39.1,6.2,0.5,6.7,9.6,1.9,2.8,1.6,0.3,0.1,112,249,149,166,317,402,470,0.83,1.67,0.61,1.09
2023-8-31 12:00 AM,4.3,4.9,4.15,3160,2.74,19.13,5.59,3.42,2.7,62.29,0.74,0.3,1.69,2.57,55.8,2.1,1.3,10.9,3.1,0.22,14,41.8,6.3,0.5,6.9,9.8,2.7,2.2,1.5,0.2,0.2,113,243,152,152,299,379,441,0.89,1.95,0.65,1.12
2023-9-1 12:00 AM,4.34,4.73,4.16,3180,2.71,19,5.56,3.41,2.67,61.91,0.74,0.28,1.7,2.56,56.3,1.8,1.3,12.2,2.8,0.13,11.6,44.6,6.2,0.4,6.7,10.3,2.1,2,1.4,0.3,0,114,241,136,168,311,401,472,0.84,1.83,0.63,1.08
2023-9-2 12:00 AM,4.3,4.89,4.28,3130,2.84,18.89,5.58,3.43,2.7,61.93,0.77,0.28,1.77,2.65,56.7,2.1,1.4,10.1,3,0.14,21.1,35.7,6.5,0.6,7.1,9.8,2.7,2.1,1.3,0.2,0,116,248,144,168,299,377,451,0.92,2.07,0.77,1.17
2023-9-3 12:00 AM,4.3,4.82,4.39,3150,2.84,18.61,5.65,3.38,2.83,62.13,0.77,0.28,1.77,2.78,55.7,2.3,1.4,12.4,2.4,0.24,12.8,42.9,7.4,0.2,7.6,9.4,3,1.2,1.7,0.2,0.1,113,247,131,171,304,385,450,0.16,0.79,0.85,1.08
2023-9-4 12:00 AM,4.3,4.8,5.43,3060,2.97,18.6,5.74,3.26,2.87,62.15,0.78,0.29,3,2.73,54.3,2,1.5,12.9,2.7,0.36,18.7,35.6,8.6,0.2,8.8,7.9,3.3,1.3,2,0.1,0,112,249,129,168,296,381,456,0.1,0.6,0.79,0.9
2023-9-5 12:00 AM,4.3,4.78,4.62,3140,2.9,18.75,5.86,3.26,2.9,62.01,0.8,0.31,1.77,2.65,55.8,1.9,1.5,10,3,0.29,19.9,35.9,8.4,0.4,8.8,7.7,2.8,1.5,1.7,0.2,1,115,246,124,170,309,382,456,0.33,0.89,0.68,1.02
2023-9-6 12:00 AM,4.3,4.79,5.34,3210,2.85,18.7,5.93,3.19,2.93,62.49,0.8,0.32,1.8,2.69,54.5,1.7,1.3,12.3,2.9,0.33,19.4,35.1,8.9,0.4,9.3,7.5,2.3,2.1,1.9,0.2,0.1,117,239,131,170,305,370,452,0.14,0.92,0.59,1.05
2023-9-7 12:00 AM,4.3,4.88,5.06,3150,2.88,18.89,5.98,3.16,2.93,61.87,0.81,0.33,1.84,2.59,54.4,1.7,1.5,12,2.5,0.2,16.7,37.7,8.8,0.2,9,7.5,2.6,1.9,1.6,0.3,0.8,113,245,130,170,303,371,438,0.18,0.99,0.65,1.02
2023-9-8 12:00 AM,4.3,4.73,5,3140,2.97,18.99,5.88,3.18,2.97,62.02,0.81,0.33,1.72,2.46,54.9,1.7,1.5,12.6,2.3,0.27,19.5,35.3,8.6,0.2,8.8,7.2,2,1.8,1.9,0.3,1,114,250,138,170,302,373,444,0.33,1.04,0.56,1.11
2023-9-9 12:00 AM,4.3,4.64,5.13,3100,2.95,18.84,5.87,3.29,2.96,61.96,0.81,0.32,1.67,2.73,54.6,1.7,1.4,12.4,2.5,0.29,16.9,37.7,8.6,0.3,8.9,8,2.2,2.3,1.8,0.3,0,119,248,125,170,312,386,449,0.15,1.01,0.6,0.9
2023-9-10 12:00 AM,4.3,4.49,4.97,3140,2.87,18.78,5.87,3.29,2.87,62.22,0.81,0.32,1.67,2.59,55.7,2,1.3,11.3,2.6,0.52,20.2,35.4,8.3,0.5,8.7,8.1,2.1,2.1,1.7,0.3,0,118,251,115,166,302,365,440,0.21,1.01,0.61,0.9
2023-9-11 12:00 AM,4.3,4.46,4.91,3160,2.8,18.64,5.99,3.21,2.85,62.43,0.82,0.33,1.94,2.54,55.8,1.6,1.5,9.5,3,0.41,16.6,39.2,9.1,0.3,9.4,7.8,2.5,2.1,1.7,0.2,0.1,117,245,121,167,300,358,427,0.3,0.94,0.63,0.82
2023-9-12 12:00 AM,4.3,4.39,5.42,3120,2.79,18.68,6.08,3.26,2.94,62.47,0.85,0.34,1.72,2.33,56.4,1.8,1.5,9.5,2.7,0.39,18.9,37.5,9.4,0.4,9.8,7.6,1.8,2.4,1.7,0.2,0,117,249,118,154,295,366,443,0.17,1.02,0.46,0.87
2023-9-13 12:00 AM,4.3,4.32,5.08,3100,2.8,18.63,5.96,3.34,2.9,62.22,0.84,0.34,1.7,2.45,54.7,1.8,1.6,11.4,2.3,0.34,19.9,34.8,8.1,0,8.2,8.1,2,1.9,1.7,0.2,1.9,117,243,138,162,300,390,455,0.23,1.12,0.53,0.85
2023-9-14 12:00 AM,4.3,4.3,4.85,3180,2.93,18.76,5.74,3.39,2.87,61.91,0.8,0.33,1.72,2.3,54.3,1.9,1.5,13.1,2.4,0.3,17.5,36.9,6.7,0.1,6.7,9,1.6,2.5,1.8,0.1,1.5,117,231,121,168,310,374,461,0.15,0.82,0.49,0.9
2023-9-15 12:00 AM,4.3,4.39,4.37,3130,2.8,19.02,5.76,3.52,2.88,62.47,0.78,0.32,1.65,2.3,57.7,1.8,1.5,9.6,2.4,0.33,18.8,38.9,7.2,0.3,7.4,9.3,1.6,2.5,1.6,0.2,0.1,119,236,124,176,292,376,447,0.21,0.98,0.47,0.99
2023-9-16 12:00 AM,4.3,4.43,3.62,3050,2.86,18.8,5.7,3.56,2.86,61.84,0.75,0.31,1.65,2.28,55,2,1.3,11.4,2.5,0.31,20.2,34.7,6.9,0.1,7,8.9,2,2.2,1.6,0.1,1.5,121,246,134,157,286,380,453,0.13,0.68,0.52,0.89
2023-9-17 12:00 AM,4.3,4.31,3.4,3050,2.87,18.94,5.79,3.38,2.93,62.46,0.79,0.32,1.65,2.41,54.6,1.8,1.6,11.6,2.7,0.26,15.4,39.2,7.4,0.1,7.5,8.5,2.5,2,1.7,0.2,1.2,116,238,132,169,297,380,464,0.17,0.54,0.6,0.85
2023-9-18 12:00 AM,4.3,4.43,3.8,3150,2.91,19.1,5.57,3.46,2.78,62.64,0.76,0.32,1.62,2.44,57.1,1.6,1.5,11.7,2.5,0.21,18.9,38.2,5.8,0.2,6,9.7,2,2.2,1.6,0.1,0,116,239,139,176,320,403,471,0.18,0.87,0.55,0.92
2023-9-19 12:00 AM,4.3,4.38,3.28,3150,2.83,19.06,5.44,3.69,2.7,62.22,0.74,0.31,1.73,2.38,57.4,2.3,1.4,12,2.3,0.17,20.2,37.2,4.8,0,4.8,11,2.3,1.9,1.4,0.1,0.1,119,251,143,165,296,376,445,0.12,0.68,0.57,0.87
2023-9-20 12:00 AM,4.3,4.24,3.81,3170,2.85,19.24,5.34,3.83,2.65,62.31,0.74,0.33,1.64,2.43,57.1,1.7,1.2,12.9,2.4,0.22,22.5,34.7,4.4,0,4.4,10.9,1.7,2.1,1.3,0.2,0,119,253,112,177,299,381,441,0.17,0.42,0.5,0.95
2023-9-21 12:00 AM,4.3,4.13,2.97,3250,2.79,19.34,5.29,3.92,2.62,62.55,0.72,0.32,1.73,2.51,58.1,2.1,1.2,11,2.6,0.45,22.8,35.2,4.1,0,4.2,11.6,1.7,2.2,1.3,0.2,0.1,115,252,124,168,293,353,422,0.22,0.86,0.5,0.85
2023-9-22 12:00 AM,4.3,4.18,3.8,3220,2.8,19.08,5.4,3.73,2.69,62.58,0.73,0.32,1.82,2.48,57.7,1.8,1.4,10.4,2.7,0.41,20.9,36.8,4.9,0,4.9,11,1.9,1.9,1.3,0.2,0,112,235,127,171,296,367,443,0.26,0.75,0.5,0.85
2023-9-23 12:00 AM,4.3,4.16,3.74,3210,2.82,19.26,5.5,3.69,2.76,62.34,0.76,0.33,1.8,2.5,54.3,1.9,1.2,13.3,2.3,0.2,17.5,33.2,4.1,0.2,4.3,9.4,2,1.6,1.3,0.2,2.3,117,256,138,175,313,391,467,0.11,0.32,0.54,0.95
2023-9-24 12:00 AM,4.3,4.31,4.2,3170,2.82,19.06,5.48,3.51,2.78,62.03,0.79,0.32,1.8,2.48,56.2,2,1.5,11.6,2.8,0.21,13.3,42.9,5.4,0.2,5.5,9.9,1.9,2,1.7,0.2,0.1,117,249,146,179,314,392,458,0.26,0.86,0.51,0.94
2023-9-25 12:00 AM,4.3,4.31,4.48,3130,2.63,19.21,5.65,3.57,2.79,62.19,0.74,0.31,1.79,2.53,55.6,1.9,1.5,11.8,2.4,0.15,13.6,42,5.6,0.2,5.8,10.3,2.5,1.3,1.5,0.2,1.7,113,243,137,156,296,385,467,0.21,0.9,0.6,0.91
2023-9-26 12:00 AM,4.3,4.28,4.49,3100,2.72,19.28,5.57,3.55,2.81,62.1,0.75,0.31,1.74,2.49,,,,,,,,,,,,,,,,,,117,251,143,163,291,376,466,0.2,0.95,0.59,0.94
2023-9-27 12:00 AM,4.3,4.37,4.1,3146.36,2.77,19.02,5.7,3.31,2.91,62.22,0.77,0.31,1.73,2.53,,,,,,,,,,,,,,,,,,117,243,133,177,314,391,482,0.19,0.88,0.58,0.86
2023-9-28 12:00 AM,4.3,4.36,4.77,3140,2.74,19.17,5.69,3.27,2.92,62.22,0.77,0.31,1.74,2.38,,,,,,,,,,,,,,,,,,117,246,133,172,312,394,481,0.18,0.94,0.51,1
2023-9-29 12:00 AM,4.3,4.43,4.89,3230,2.79,18.97,5.66,3.28,2.91,62.02,0.76,0.3,1.71,2.35,,,,,,,,,,,,,,,,,,121,244,132,168,291,387,460,0.15,0.84,0.43,0.89
2023-9-30 12:00 AM,4.3,4.48,4.51,3130,2.85,18.81,5.7,3.25,2.96,62.42,0.78,0.31,1.71,2.45,,,,,,,,,,,,,,,,,,116,245,124,158,291,371,448,0.16,0.85,0.49,0.81
2023-10-1 12:00 AM,4.3,4.42,4.81,3150,2.87,18.94,5.58,3.66,2.97,62.38,0.76,0.31,1.78,2.35,,,,,,,,,,,,,,,,,,116,235,130,154,291,378,441,0.18,0.96,0.46,0.91
2023-10-2 12:00 AM,4.3,4.53,4.42,3090,2.91,18.95,5.54,3.71,2.94,62.35,0.76,0.31,1.75,2.54,,,,,,,,,,,,,,,,,,119,250,138,165,293,382,467,0.84,2.03,0.67,0.9
2023-10-3 12:00 AM,4.3,4.36,4.19,3140,2.95,19,5.48,3.59,2.93,62.46,0.76,0.31,1.7,2.5,,,,,,,,,,,,,,,,,,111,253,135,162,313,378,446,0.98,2.14,0.62,0.86
2023-10-4 12:00 AM,4.3,4.32,4.77,3110,2.83,19.33,5.43,3.58,2.85,62.81,0.74,0.29,1.71,2.45,62.5,0.8,1.2,9.2,2.5,0.29,22.9,39.7,5,0,5,11.2,2.5,1.2,1.7,0.2,0.1,118,255,139,164,292,384,473,0.96,2.31,0.6,0.98
2023-10-5 12:00 AM,4.3,4.27,4.73,3120,2.8,19.3,5.54,3.44,2.82,62.37,0.74,0.28,1.6,2.75,61.2,0.8,1.3,8.4,3.1,0.42,20.5,40.7,5.5,0.1,5.7,10.4,2.6,1,1.8,0.3,1.2,118,242,133,173,310,401,487,1.13,2.38,0.65,1.15
2023-10-6 12:00 AM,4.3,4.32,4.52,3120,2.69,19.19,5.51,3.41,2.88,62.76,0.75,0.29,1.89,2.38,63.6,0.9,1.3,8.2,2.3,0.51,20.9,42.7,5.4,0,5.4,10.8,2.2,1.1,1.9,0.2,0.2,112,252,130,157,283,383,464,0.98,2.36,0.57,0.99
2023-10-7 12:00 AM,4.3,4.45,4.32,3190,2.81,19.01,5.52,3.44,2.92,62.6,0.76,0.29,1.66,2.29,61.6,1,1.3,8,2.8,0.51,20.4,41.3,5.9,0,5.9,10.1,1.2,2.3,1.8,0.1,1.2,118,259,142,159,283,366,477,0.95,2.07,0.41,0.96
2023-10-8 12:00 AM,4.3,4.64,4.18,3120,2.79,19.33,5.5,3.36,2.82,62.08,0.76,0.27,1.66,2.62,61.4,1.1,1.4,9.3,2.8,0.29,20.3,41.1,5.8,0.2,5.9,10.2,2.6,0.7,1.6,0.2,1.3,117,250,139,159,282,366,460,0.56,1.14,0.67,1
2023-10-9 12:00 AM,4.3,4.59,4.82,3130,2.88,19.14,5.5,3.38,2.8,62.14,0.75,0.27,1.76,2.68,60.5,1.1,1.3,9,2.9,0.45,22.3,38.3,5.9,0,5.9,10.5,2.8,0.8,1.9,0.2,0.9,120,248,137,175,309,391,466,0.52,1.02,0.7,1
2023-10-10 12:00 AM,4.3,4.42,3.7,3140,2.87,19.04,5.54,3.46,2.84,62.03,0.77,0.29,1.8,2.61,61.5,1.1,1.3,7.9,2.9,0.49,21.6,39.9,6.3,0,6.3,10.4,2.9,0.9,1.6,0.1,1,115,257,127,152,270,345,445,0.41,0.96,0.69,0.92
2023-10-11 12:00 AM,4.27,4.5,4.96,3140,2.87,19.14,5.51,3.42,2.77,61.81,0.77,0.28,1.74,2.53,61,1.2,1.6,8.3,2.9,0.32,31.1,29.9,5.1,0,5.1,11,2.5,1.6,1.7,0.2,0.4,115,256,130,151,281,360,442,0.42,0.95,0.64,0.96
2023-10-12 12:00 AM,4.3,4.41,4.04,3070,2.77,19.36,5.53,3.35,2.75,61.94,0.75,0.26,1.69,2.68,60.6,1.3,1.3,10.1,2.2,0.22,19.5,41.1,5.5,0,5.5,10.3,2.8,1,1.7,0.1,0.2,118,247,135,163,296,378,476,0.4,1.15,0.73,0.99
2023-10-13 12:00 AM,4.3,4.24,3.65,3180,2.75,19.38,5.52,3.44,2.76,62.05,0.73,0.25,1.71,2.71,59.2,0.9,1.3,10.8,3,0.31,21.7,37.6,5.5,0,5.5,10.8,2.6,0.9,1.8,0.5,0.7,117,257,133,154,282,379,467,0.38,0.91,0.72,1.05
2023-10-14 12:00 AM,4.3,4.36,4.2,3120,2.8,19.32,5.33,3.54,2.72,62.52,0.7,0.23,1.79,2.57,61.1,1.1,1.1,9,3,0.56,23.8,37.3,4.8,0,4.8,10.7,2.6,1.2,1.5,0.2,1.2,119,248,124,152,279,360,458,0.31,1.25,0.63,0.8
2023-10-15 12:00 AM,4.3,4.37,4.28,3100,2.8,19.4,5.4,3.47,2.75,62.11,0.72,0.24,1.79,2.58,58.5,1.3,1.2,11.6,2.9,0.24,20.5,38,4.9,0,4.9,10.7,2.3,1.5,1.7,0.1,1.2,120,259,144,148,253,347,454,0.19,0.94,0.6,0.88
2023-10-16 12:00 AM,4.3,4.29,3.34,3100,2.77,19.23,5.62,3.4,2.73,61.64,0.77,0.27,1.78,2.57,58.4,1.2,1.4,10.9,2.8,0.15,20.8,37.6,6.1,0,6.2,10.4,2.3,1.3,1.7,0.2,1.2,115,249,146,153,275,369,445,0.18,0.72,0.61,0.98
2023-10-17 12:00 AM,4.3,4.45,4.29,3140,2.78,19.25,5.58,3.41,2.77,62.01,0.77,0.27,1.77,2.61,59.7,1.2,1.5,11.2,2.8,0.28,21.7,37.9,6.1,0,6.1,10.2,2.6,0.7,1.7,0.1,0.5,115,258,136,150,273,359,444,0.19,0.95,0.65,0.97
2023-10-18 12:00 AM,4.3,4.43,4.41,3120,2.71,19.12,5.58,3.35,2.92,62.1,0.74,0.26,1.74,2.66,60.8,1.3,1.3,9,2.6,0.39,20.4,40.4,6.5,0.3,6.8,10.1,2.6,0.6,1.7,0.2,1.2,115,248,126,158,280,358,449,0.18,0.92,0.69,0.9
2023-10-19 12:00 AM,4.3,4.4,4.51,3120,2.72,19.16,5.59,3.32,2.7,62.05,0.77,0.27,1.77,2.62,59.5,1.1,1.3,9.4,2.7,0.38,19.5,40,7.4,0.2,7.6,9.4,2.9,0.8,2,0.2,1.4,114,248,116,159,291,371,458,0.21,0.95,0.66,0.85
2023-10-20 12:00 AM,4.3,4.47,4.15,3140,2.88,18.87,5.64,3.32,2.93,61.89,0.78,0.27,1.76,2.84,60.2,1,1.4,9.6,3,0.4,21.4,38.8,7.4,0.1,7.5,9.6,3.1,0.5,1.9,0.2,0.3,114,246,124,174,298,371,448,0.19,0.85,0.8,0.76
2023-10-21 12:00 AM,4.3,4.7,4.36,3170,2.81,19.04,5.74,3.3,2.96,61.84,0.78,0.28,1.78,2.66,59.1,1.1,1.5,9,3,0.51,23.4,35.7,8.1,0.1,8.3,9.2,3,0.7,2,0.2,0.3,115,245,116,169,302,383,449,0.17,0.82,0.71,0.87
2023-10-22 12:00 AM,4.3,4.45,4.94,3150,2.75,19.14,5.69,3.33,2.91,62.01,0.79,0.28,1.84,2.8,60.3,1,1.4,9.6,2.7,0.44,19.5,40.8,7.6,0,7.6,9.2,3.1,0.5,2,0.2,0.5,116,234,113,165,298,367,434,0.95,2.13,0.77,0.96
2023-10-23 12:00 AM,4.05,4.41,4.78,3180,2.75,18.91,5.71,3.22,3,61.88,0.81,0.27,1.79,2.75,60.5,1.1,1.5,8.3,3,0.6,21.3,39.3,8.6,0.1,8.7,8.4,3,0.6,2.1,0.2,0.4,118,230,116,163,297,365,451,0.94,2.32,0.72,0.85
2023-10-24 12:00 AM,4.3,4.55,4.59,3190,2.89,18.82,5.6,3.27,2.88,61.5,0.81,0.27,1.8,2.91,59.4,1.2,1.5,10.3,3,0.33,18,41.4,7.8,0,7.8,8.9,3.4,0.3,1.9,0.2,0.4,114,246,122,154,288,362,437,1.03,2.26,0.79,0.73
2023-10-25 12:00 AM,4.3,4.49,4.63,3210,2.85,18.91,5.68,3.29,2.95,61.75,0.79,0.28,1.88,2.77,60.3,1.2,1.6,9.2,2.9,0.38,20.7,39.6,7.8,0,7.8,8.8,3.1,0.3,1.7,0.2,1.2,114,233,114,156,296,385,455,1.18,2.37,0.77,0.86
2023-10-26 12:00 AM,4.3,4.47,4.94,3190,2.77,19.08,5.68,3.32,2.96,61.86,0.78,0.27,1.81,2.62,60,1.2,1.3,10.6,2.4,0.32,20.6,39.3,7.3,0.1,7.3,9.4,2.7,0.8,1.9,0.3,0.2,114,241,129,156,295,384,455,1.31,2.56,0.69,0.82
2023-10-27 12:00 AM,4.3,4.48,4.78,3160,2.88,19.1,5.7,3.31,2.99,61.94,0.79,0.28,1.72,2.8,60.9,1.3,1.5,8.5,3,0.39,17,43.9,6.5,0.4,6.9,9.9,3.2,0.7,1.9,0.2,0.4,114,247,125,163,296,367,428,1.27,2.64,0.77,0.88
2023-10-28 12:00 AM,4.3,4.62,4.36,3170,2.88,18.97,5.85,3.12,3.11,61.88,0.82,0.28,1.8,2.71,60,1.2,1.5,8.4,2.7,0.58,22,38,9.6,0,9.6,7.9,2.9,0.8,2.2,0.2,0.4,117,237,115,164,311,403,456,1.09,2.27,0.72,0.86
2023-10-29 12:00 AM,4.3,4.57,4.41,3160,2.92,18.93,5.74,3.24,2.99,61.69,0.81,0.28,1.8,2.85,59.1,1.2,1.3,8.7,3,0.56,21.6,37.5,8.2,0.3,8.4,8.5,3.3,0.7,2,0.2,1.3,114,229,120,170,314,385,457,0.34,1.02,0.8,0.96
2023-10-30 12:00 AM,4.3,4.56,4.87,3160,2.88,18.91,5.76,3.24,3,61.66,0.81,0.27,1.8,2.82,58.2,1.3,1.4,9.4,3,0.62,21.7,36.5,8.2,0,8.2,9,3.1,0.7,1.9,0.1,1,114,238,124,162,305,372,432,0.35,1.02,0.83,1.11
2023-10-31 12:00 AM,4.3,3.7,4.76,3140,2.84,18.96,5.8,3.17,2.99,61.73,0.83,0.29,2.81,2.71,58.9,1.4,1.3,10.5,2.5,0.46,22.2,36.7,8.8,0.1,9,7.5,2.9,0.5,2.2,0.2,1.2,114,239,113,170,309,375,441,0.16,0.74,0.73,1.01
2023-11-1 12:00 AM,4.3,4.22,4.35,3150,3.35,18.81,5.84,3.21,3.05,61.66,0.83,0.32,1.73,2.64,57.7,1.2,1.4,10.1,2.8,0.52,22.1,35.6,9.6,0,9.6,7.9,3.2,0.7,2.1,0.2,0.8,114,236,119,172,309,383,451,0.09,0.46,0.69,0.88
2023-11-2 12:00 AM,4.39,4.31,4.52,3190,2.96,19.08,5.85,3.29,3.02,61.94,0.79,0.32,1.75,2.48,58,1.3,1.3,9.2,3.5,0.46,21.4,36.6,8.8,0.2,9,8.4,2.6,1.1,2,0.3,1.2,117,251,129,168,306,375,446,0.42,0.96,0.55,0.97
2023-11-3 12:00 AM,4.5,4.36,3.77,3180,2.69,19.17,5.87,3.26,3,61.61,0.76,0.31,1.76,2.42,59.3,0.9,1.4,9,3,0.34,21.2,38.1,8.8,0.2,9,8.8,2.1,1.4,2,0.3,1.4,117,243,138,157,303,400,448,0.18,0.82,0.56,0.96
2023-11-4 12:00 AM,4.5,4.28,4.74,3140,2.87,18.98,5.84,3.31,2.89,61.27,0.76,0.32,1.67,2.62,58.2,1.1,1.4,9.2,2.9,0.33,22.5,35.7,8.1,0.4,8.5,9,2.6,1.3,2,0.3,1.4,117,240,127,151,299,375,452,0.37,0.89,0.65,1.15
2023-11-5 12:00 AM,4.5,4.23,3.96,3110,2.77,18.91,5.7,3.59,2.8,61.56,0.74,0.32,1.67,2.4,61.7,1.1,1.3,6.7,2.6,0.39,24.3,37.4,7.1,0.2,7.3,10,2.2,1.7,1.9,0.3,1.2,117,241,127,154,298,376,487,0.29,0.77,0.55,1.17
2023-11-6 12:00 AM,4.5,4.43,3.62,3200,2.77,19.13,5.62,4.15,2.69,61.88,0.7,0.33,1.7,2.37,60.4,1,1.3,8.4,2.5,0.55,20.3,40,4.5,0.2,4.7,12.9,1.3,2.2,1.7,0.2,1.3,117,248,131,166,294,367,465,0.21,0.74,0.49,1.14
2023-11-7 12:00 AM,4.5,4.36,4.18,3190,2.66,19.18,5.65,3.84,2.76,62.01,0.73,0.32,1.7,2.44,60.9,1,1.4,7.7,2.8,0.25,19.8,41.2,5.6,0.4,6,11.5,2,1.7,1.6,0.2,1.1,115,243,130,169,303,387,469,0.13,0.73,0.54,1.04
2023-11-8 12:00 AM,4.49,4.45,4.23,3160,2.93,19.06,5.63,3.69,2.77,61.54,0.75,0.32,1.71,2.55,59.9,1.1,1.5,9.6,2.9,0.25,18.9,41,6.1,0,6.1,11.3,2.1,1.8,1.6,0.3,0.4,117,248,133,168,299,372,469,0.14,0.88,0.57,0.95
2023-11-9 12:00 AM,4.5,4.34,3.57,3180,2.86,19.17,5.67,3.66,2.82,62.24,0.74,0.31,1.77,2.59,60.2,0.9,1.3,8.8,2.9,0.24,20.2,40,6,0.2,6.2,10.8,2.1,1.4,1.8,0.1,1.8,117,248,138,163,295,373,468,0.12,0.63,0.53,1.05
2023-11-10 12:00 AM,4.49,4.38,4.21,3100,2.77,19.11,5.62,3.64,2.79,62.18,0.73,0.31,1.86,2.64,61.6,0.9,1.6,7.7,3.5,0.37,20.5,41.1,5.6,0.3,5.9,11.3,2.1,1.3,1.7,0.3,0.3,114,238,123,173,291,373,445,0.14,0.74,0.64,1.1
2023-11-11 12:00 AM,4.5,4.39,3.92,3180,2.76,19.24,5.67,3.55,2.83,62.36,0.75,0.31,1.83,2.62,61.4,0.8,1.5,6.9,3.1,0.24,21.6,39.8,6.5,0.4,6.9,10.8,2.4,1.4,1.8,0.2,1,117,243,131,152,278,369,445,0.11,0.66,0.59,0.78
2023-11-12 12:00 AM,4.5,4.39,4.03,3130,2.77,19.12,5.69,3.44,2.92,61.93,0.75,0.28,1.83,2.72,60.7,0.8,1.3,8.5,2.9,0.28,20.5,40.2,6.7,0,6.7,10.5,2.4,1.3,1.9,0.2,0.7,116,276,141,167,305,396,477,0.77,1.86,0.69,0.84
2023-11-13 12:00 AM,4.5,4.8,3.72,3110,2.78,17.96,5.58,3.27,2.95,59.67,0.77,0.27,1.83,2.68,60.2,1,1.4,8.1,2.9,0.34,19.5,40.8,6.3,0.3,6.7,10.7,2.9,0.8,1.9,0.2,1.5,111,233,129,167,300,380,449,0.55,1.38,0.68,0.71
2023-11-14 12:00 AM,4.5,4.52,4.51,3160,2.9,19.09,5.78,3.25,3.07,62.18,0.81,0.29,1.81,2.46,59.8,1.1,1.2,8.3,3.3,0.41,20,39.8,8.3,0.1,8.4,8.7,2.2,1.8,1.7,0.2,1.6,115,237,126,169,304,384,443,0.82,1.94,0.53,0.89
2023-11-15 12:00 AM,4.5,4.42,4.61,3220,2.82,19.03,5.81,3.21,3.09,62,0.8,0.29,1.74,2.57,60.1,1,1.3,8.2,2.8,0.33,20.9,39.2,8.2,0.1,8.4,8.9,1.8,1.8,2,0.2,1.5,115,243,122,173,308,400,466,0.15,0.78,0.53,0.74
2023-11-16 12:00 AM,4.49,4.41,4.68,3160,2.78,19.1,5.85,3.24,3.08,61.94,0.79,0.3,1.88,2.34,62.4,0.9,1.3,6.2,2.8,0.46,21.1,41.3,8.6,0.3,8.9,8.6,1.4,2,2,0.3,1.5,117,248,135,170,305,387,445,0.22,1.01,0.45,0.8
2023-11-17 12:00 AM,4.5,4.46,4.63,3190,2.78,19.14,5.81,3.33,3.01,62.49,0.76,0.3,1.71,2.38,61.5,1,1.4,7.7,2.6,0.47,24.1,37.4,8.1,0.4,8.4,8.8,1.4,2.2,1.9,0.2,0.6,121,234,123,171,294,379,488,0.79,1.96,0.49,0.86
2023-11-18 12:00 AM,4.5,4.61,4.79,3140,2.8,19.22,5.84,3.26,3.04,62.11,0.77,0.3,1.73,2.39,61.4,1,1.2,7,2.6,0.52,21.4,40.1,8.4,0.4,8.8,8.7,1.7,1.9,2,0.1,1.5,116,247,138,167,300,378,459,0.78,1.96,0.54,0.83
2023-11-19 12:00 AM,4.5,4.43,4.58,3170,2.76,19.11,5.86,3.2,3.04,61.65,0.78,0.28,1.73,2.44,61.7,1.1,1.2,7.9,2.8,0.41,19.9,41.8,8.6,0.4,9,8,1.4,2.4,1.9,0.2,0.9,117,254,133,173,307,371,486,0.42,0.95,0.53,1.04
2023-11-20 12:00 AM,4.5,4.35,4.31,3150,2.7,19.17,5.77,3.31,3.03,62.06,0.77,0.26,1.74,2.39,61.9,1,1.3,6.4,2.9,0.39,19.5,42.3,7.7,0.4,8,9.6,1.8,1.7,2.2,0.2,1.3,118,251,133,168,307,379,455,0.45,1.02,0.53,1.06
2023-11-21 12:00 AM,4.5,4.37,4.18,3140,2.83,19.15,5.72,3.33,3.05,61.84,0.78,0.27,1.67,2.49,63.2,1.1,1.2,6,2.8,0.63,20.9,42.3,6.7,0.3,7,10.1,1.4,2.4,1.8,0.3,0.6,118,256,144,174,312,391,475,0.42,1.1,0.55,1.02
2023-11-22 12:00 AM,4.5,4.73,4.84,3140,2.68,19.09,5.75,3.33,3.02,62.04,0.78,0.25,1.74,2.33,61.9,1.1,1.1,7,2.6,0.62,21.5,40.4,6.9,0.5,7.4,10.3,1.5,2.2,1.9,0.3,0.3,118,235,119,177,307,409,474,0.39,0.95,0.45,0.96
2023-11-23 12:00 AM,4.5,4.56,4.24,3200,2.57,19.2,5.73,3.39,2.93,62.18,0.76,0.25,1.71,2.39,61.7,1.1,1.1,7.3,2.5,0.59,19.5,42.2,7.2,0.1,7.4,9.9,1.5,2.1,2,0.2,1.4,119,259,126,173,294,389,469,0.42,0.96,0.52,1.08
2023-11-24 12:00 AM,4.5,4.64,4.35,3190,2.89,19.66,5.84,3.34,2.96,61.23,0.76,0.27,1.69,2.31,61.6,0.9,1.2,6.2,3.1,0.33,23.4,38.2,7.2,0.4,7.6,9.8,1.9,2.4,1.9,0.5,0.8,117,251,144,172,297,395,476,0.39,0.97,0.56,1.19
2023-11-25 12:00 AM,4.5,4.74,4.47,3130,2.71,19.21,5.66,3.44,2.84,61.82,0.74,0.27,1.57,2.27,62.4,1.1,1.1,7.2,2.5,0.21,19.2,43.2,6.1,0.2,6.3,10.3,1.6,2.2,1.9,0.2,1.4,119,249,135,168,305,398,467,0.37,0.98,0.52,1.12
2023-11-26 12:00 AM,4.5,4.54,4.19,3167,2.81,19.27,5.66,3.55,2.74,61.56,0.76,0.29,1.57,2.36,59.88,0.9,1.3,8.62,2.72,0.2,17.7,27.4,6.12,0.08,6.18,11.05,1.8,1.6,1.4,1.4,4.8,118,254,142,163,318,400,463,0.32,0.89,0.57,1.15
2023-11-27 12:00 AM,4.5,4.64,5.06,3100,2.87,19.43,5.69,3.58,2.78,61.67,0.77,0.29,1.61,2.45,59.9,1,1.3,9.2,2.7,0.22,19.9,39.9,6.1,0,6.1,10.5,2.3,1.5,1.7,0.2,1.6,118,253,142,164,296,375,503,0.19,1.08,0.61,1.21
2023-11-28 12:00 AM,4.49,4.41,3.84,3110,2.78,19.27,5.66,3.55,2.75,61.65,0.78,0.3,1.66,2.36,59.6,1,1.4,9.7,3,0.2,22.6,36.9,6.2,0,6.2,11,1.7,2,1.7,0.2,0.5,115,252,134,163,295,401,466,0.21,0.8,0.52,0.96
2023-11-29 12:00 AM,4.5,4.51,4.76,3180,2.81,19.18,5.66,3.46,2.84,62.1,0.79,0.29,1.66,2.52,61.4,0.9,1.5,8.4,3.1,0.3,21.7,39.7,6.5,0.1,6.5,10.2,1.7,2.1,1.9,0.2,0.5,118,245,124,171,303,382,466,0.45,1.14,0.5,1.04
2023-11-30 12:00 AM,4.5,4.43,4.33,3190,2.87,19.21,5.66,3.45,2.83,61.79,0.8,0.3,1.85,2.34,60.6,0.9,1.4,8.4,3.3,0.29,24.6,36,6.5,0.1,6.5,10,1.6,2.1,1.6,0.3,1.5,114,260,141,163,297,385,455,0.16,0.84,0.52,0.96
2023-12-1 12:00 AM,4.5,4.42,4.13,3200,2.81,19.29,5.68,3.58,2.88,61.66,0.79,0.29,1.67,2.31,60.4,0.9,1.5,9.1,3.1,0.27,23.2,37.2,6.4,0.1,6.5,10.9,1.6,2.2,1.7,0.2,0.5,115,258,132,172,291,377,462,0.19,0.81,0.51,1.11
2023-12-2 12:00 AM,4.5,4.45,4.61,3110,2.72,19.17,5.6,3.51,2.86,61.58,0.77,0.29,1.62,2.42,60.2,1.2,1.6,8.8,3,0.21,21.6,38.5,6.2,0.1,6.2,10.4,1.6,2.1,1.8,0.2,0.6,118,230,142,165,292,375,456,0.2,0.96,0.52,0.98
2023-12-3 12:00 AM,4.5,4.42,4.37,3120,2.79,19.34,5.67,3.53,2.92,61.98,0.78,0.29,1.62,2.37,59.5,1.1,1.5,9.5,2.9,0.25,21.8,37.7,6.6,0,6.6,10.7,2.3,1.6,1.9,0.3,0.6,119,227,141,163,300,392,468,0.72,1.38,0.57,0.99
2023-12-4 12:00 AM,4.5,3.97,3.22,3150,2.73,19.17,5.43,3.47,2.83,61.56,0.76,0.28,1.61,2.61,61.9,1,1.3,6.5,3.7,0.31,18.2,43.7,6.2,0,6.2,10.5,2.4,1.5,1.5,0.2,1.5,116,260,145,166,295,375,447,0.21,0.95,0.59,1.12
2023-12-5 12:00 AM,4.5,4.66,4.76,3170,2.74,19.57,5.54,3.51,2.84,62.16,0.73,0.27,1.87,2.4,60,1,1.3,9.1,3.4,0.3,23,37,5.2,0.3,5.5,10.3,1.7,1.9,1.8,0.3,1.3,115,253,138,171,298,393,460,0.56,1.43,0.51,1.19
2023-12-6 12:00 AM,4.5,4.78,5.12,3180,2.81,19.35,5.56,3.43,2.82,61.92,0.73,0.28,1.7,2.45,58.8,1,1.3,10.5,2.8,0.42,21.5,37.3,6,0.1,6.1,10.2,2.3,1.6,1.8,0.2,1.1,127,227,129,151,273,373,474,0.71,1.98,0.59,1.03
2023-12-7 12:00 AM,4.5,4.78,4.63,3210,2.72,19.57,5.51,3.4,2.83,61.99,0.69,0.27,1.69,2.52,60.6,1.3,1.3,9.5,2.7,0.41,24.8,35.8,5.7,0,5.7,9.6,2.3,1.5,1.7,0.3,0.9,115,232,128,158,289,368,461,0.67,1.96,0.58,1.02
2023-12-8 12:00 AM,4.5,5.15,4.87,3150,2.93,19.48,5.48,3.43,2.74,62.41,0.69,0.27,1.74,2.6,59.6,0.9,1.2,9.6,3.4,0.32,21.5,38.1,5.6,0.3,5.9,10.1,2.7,1.6,1.6,0.2,1.3,114,259,139,149,268,373,474,0.89,1.92,0.68,1.08
2023-12-9 12:00 AM,4.5,5.03,4.13,3190,2.86,19.64,5.35,3.6,2.64,62.28,0.69,0.25,1.74,2.54,60.9,1,1.2,9.4,3.5,0.34,21,39.8,4.4,0,4.4,11.6,2,2.2,1.4,0.3,0.2,121,250,152,153,274,356,461,0.61,1.84,0.59,1.12
2023-12-11 12:00 AM,4.5,4.68,4.61,3120,2.7,19.54,5.55,3.48,2.72,62.2,0.71,0.26,1.79,2.45,60,1.2,1.3,10.6,2.8,0.26,22.3,37.6,5.5,0,5.5,10.4,2.4,1.2,1.6,0.3,0.4,118,276,152,146,268,355,458,0.19,0.86,0.56,1.07
2023-12-12 12:00 AM,4.5,4.93,4.79,3150,2.84,19.41,5.52,3.45,2.67,61.97,0.73,0.27,1.71,2.48,61.4,0.9,1.3,9,2.9,0.19,23.1,38.3,5.7,0,5.7,10.5,2.5,1.3,1.9,0.3,0.1,113,260,145,157,279,378,459,0.1,0.87,0.68,1.13
2023-12-13 12:00 AM,4.5,4.85,4.52,3200,2.74,19.43,5.6,3.57,2.75,62,0.72,0.28,1.72,2.59,61,1.1,1.4,8.9,2.8,0.13,24.5,36.5,5.5,0.1,5.7,11.2,2.3,1.3,1.7,0.3,0.4,114,224,144,166,300,395,475,0.12,0.8,0.69,1.15
2023-12-14 12:00 AM,4.5,4.87,5.16,3170,2.8,19.21,5.54,3.5,2.7,62.03,0.73,0.27,1.85,2.5,60.8,1,1.3,9,2.8,0.09,19.7,41.2,6,0,6,10.9,2.5,1.6,1.7,0.2,0.4,112,249,151,165,291,376,472,0.17,0.95,0.61,1.09
2023-12-15 12:00 AM,4.5,4.76,4.92,3120,2.88,19.02,5.57,3.4,2.72,61.89,0.75,0.27,1.85,2.62,60.2,1.1,1.4,9.1,3.1,0.23,21.3,38.9,5.6,0.2,5.8,10.3,2.7,1.3,1.5,0.2,1.4,114,246,140,173,295,380,480,0.19,0.87,0.61,1.06
2023-12-16 12:00 AM,4.5,4.61,4.36,3170,2.8,19.06,5.74,3.25,2.93,62.17,0.77,0.28,1.85,2.5,61,0.9,1.5,7.5,2.6,0.3,21.7,39.3,8.1,0.1,8.2,8.8,2.6,1.5,1.7,0.2,1.4,110,251,127,169,302,376,453,0.2,0.85,0.55,1.18
2023-12-17 12:00 AM,4.5,4.76,5.12,3170,2.73,18.87,5.7,3.17,2.92,61.76,0.78,0.27,1.85,2.48,60.8,1.2,1.4,7.8,3.3,0.34,25.5,35.3,8.5,0.1,8.6,8.5,2.5,1.2,1.8,0.3,0.7,114,251,129,164,301,371,466,0.2,0.87,0.6,0.86
2023-12-18 12:00 AM,4.5,4.54,4.91,3190,2.81,18.92,5.7,3.29,2.89,62,0.78,0.28,1.71,2.68,58.1,1.2,1.4,8.6,2.6,0.37,23.5,34.6,7.6,0.2,7.8,8.9,2.6,1.5,2.1,0.3,1.9,118,256,130,154,304,369,462,0.2,0.9,0.68,0.87
2023-12-19 12:00 AM,4.5,4.81,5.36,3160,2.76,19.12,5.62,3.33,2.84,61.87,0.77,0.29,1.77,2.34,59.6,1.1,1.3,8.8,2.5,0.26,21.1,38.5,8.2,0.3,8.5,8.9,2,2.1,1.9,0.1,1.5,122,263,146,154,288,369,443,0.45,1.14,0.52,1.02
2023-12-20 12:00 AM,4.5,4.79,5.03,3130,2.73,19.1,5.67,3.34,2.9,61.75,0.77,0.29,1.6,2.38,60.4,1.2,1.2,8.8,2.4,0.27,20.1,40.3,7,0.2,7.2,9.1,2.1,1.5,2.3,0.2,1.8,115,250,142,165,287,371,453,0.2,0.8,0.54,1.05
2023-12-21 12:00 AM,4.5,4.85,5.02,3180,2.79,19.01,5.73,3.27,2.96,61.98,0.79,0.29,1.65,2.4,60.9,1.1,1.4,8,3.4,0.31,22.6,38.3,7.6,0.1,7.7,9,1.9,2,1.9,0.3,0.6,120,249,135,161,288,373,438,0.02,0.09,0.51,1.01
2023-12-22 12:00 AM,4.5,4.84,5.09,3210,2.93,18.89,5.76,3.27,2.97,61.72,0.81,0.3,1.68,2.46,57.6,1.1,1.4,10.6,2.8,0.27,22.4,35.2,8,0.4,8.3,8.7,2.1,1.9,2.1,0.2,1.5,116,261,128,158,297,361,458,0.15,0.74,0.59,0.91
2023-12-23 12:00 AM,4.5,4.83,5.52,3190,2.86,19.06,5.78,3.3,2.93,62.01,0.8,0.32,1.69,2.49,59.3,1.3,1.4,9.6,3,0.39,22.7,36.5,7.8,0.2,8,9.1,1.9,1.9,1.8,0.2,0.7,116,251,133,166,299,375,440,0.18,0.99,0.57,1.1
2023-12-26 12:00 AM,4.5,4.72,4.72,3110,2.89,19.05,5.83,3.18,3.03,61.95,0.83,0.33,1.74,2.49,59.8,1.1,1.4,8.8,2.7,0.3,21.3,38.5,8.6,0.3,8.9,8.4,2.2,1.7,2,0.2,0.9,113,250,132,165,292,352,425,0.84,1.82,0.58,0.87
2023-12-27 12:00 AM,4.49,4.76,4.81,3190,2.83,18.96,5.85,3.21,2.98,61.81,0.81,0.32,1.72,2.45,58.5,0.9,1.4,9.3,2.9,0.39,22.2,36.4,8.9,0.2,9.1,8.5,2.5,1.3,2,0.3,1.6,115,243,116,166,312,377,465,0.93,2.04,0.63,0.98
2023-12-28 12:00 AM,4.49,4.72,4.63,3210,2.88,19.03,5.86,3.16,2.99,62.2,0.82,0.32,1.7,2.48,58.5,1.1,1.3,9.1,3,0.39,22.8,35.7,9.7,0.2,9.8,7.5,2.1,1.7,1.9,0.2,1.7,116,253,117,168,309,378,448,0.76,2.02,0.69,1.25
2023-12-29 12:00 AM,4.5,4.6,5.33,3190,2.74,19.26,5.77,3.22,2.96,61.41,0.81,0.32,1.75,2.41,58.6,1.3,1.4,9.7,2.6,0.16,21.3,37.3,7.8,0,7.8,8.5,2,1.9,2.1,0.2,1.6,116,253,127,158,298,379,449,0.98,2.16,0.52,1.11
2023-12-30 12:00 AM,4.5,4.57,4.62,3210,2.75,19.35,5.72,3.28,2.88,61.67,0.8,0.32,1.73,2.39,60.8,1.1,1.5,9.1,2.7,0.16,21.9,38.9,8.3,0.3,8.6,8.5,1.6,1.8,1.7,0.3,0.4,115,254,134,167,303,380,446,0.66,1.89,0.51,1.08
,,,,,,,,,,,,,,,,,,,,,,,,,,,,,,,,,,,,,,,,,,
,4.25,4.50,4.20,3158.17,2.81,19.14,5.65,3.39,2.82,62.21,0.77,0.29,1.65,2.45,58.50,1.61,1.36,9.95,2.62,0.32,19.80,38.65,6.86,0.22,7.08,9.39,2.38,1.71,1.72,0.23,0.68,115.36,247.58,135.16,162.69,296.68,378.05,454.88,0.38,1.12,0.62,0.97
,0.41,0.29,0.55,40.86,0.07,0.23,0.14,0.17,0.12,0.35,0.03,0.02,0.18,0.18,1.98,0.42,0.13,1.58,0.31,0.12,2.06,2.13,1.28,0.20,1.31,1.08,0.58,0.59,0.20,0.10,0.68,2.99,7.76,9.36,8.05,13.10,17.06,18.84,0.30,0.54,0.10,0.15
